-- phpMyAdmin SQL Dump
-- version 3.5.1
-- http://www.phpmyadmin.net
--
-- Servidor: localhost
-- Tiempo de generación: 20-02-2016 a las 21:26:08
-- Versión del servidor: 5.5.24-log
-- Versión de PHP: 5.4.3

SET SQL_MODE="NO_AUTO_VALUE_ON_ZERO";
SET time_zone = "+00:00";


/*!40101 SET @OLD_CHARACTER_SET_CLIENT=@@CHARACTER_SET_CLIENT */;
/*!40101 SET @OLD_CHARACTER_SET_RESULTS=@@CHARACTER_SET_RESULTS */;
/*!40101 SET @OLD_COLLATION_CONNECTION=@@COLLATION_CONNECTION */;
/*!40101 SET NAMES utf8 */;

--
-- Base de datos: `bdaerolinea`
--

-- --------------------------------------------------------

--
-- Estructura de tabla para la tabla `auth_group`
--

CREATE TABLE IF NOT EXISTS `auth_group` (
  `id` int(11) NOT NULL AUTO_INCREMENT,
  `name` varchar(80) NOT NULL,
  PRIMARY KEY (`id`),
  UNIQUE KEY `name` (`name`)
) ENGINE=InnoDB DEFAULT CHARSET=utf8 AUTO_INCREMENT=1 ;

-- --------------------------------------------------------

--
-- Estructura de tabla para la tabla `auth_group_permissions`
--

CREATE TABLE IF NOT EXISTS `auth_group_permissions` (
  `id` int(11) NOT NULL AUTO_INCREMENT,
  `group_id` int(11) NOT NULL,
  `permission_id` int(11) NOT NULL,
  PRIMARY KEY (`id`),
  UNIQUE KEY `auth_group_permissions_group_id_0cd325b0_uniq` (`group_id`,`permission_id`),
  KEY `auth_group_permissi_permission_id_84c5c92e_fk_auth_permission_id` (`permission_id`)
) ENGINE=InnoDB DEFAULT CHARSET=utf8 AUTO_INCREMENT=1 ;

-- --------------------------------------------------------

--
-- Estructura de tabla para la tabla `auth_permission`
--

CREATE TABLE IF NOT EXISTS `auth_permission` (
  `id` int(11) NOT NULL AUTO_INCREMENT,
  `name` varchar(255) NOT NULL,
  `content_type_id` int(11) NOT NULL,
  `codename` varchar(100) NOT NULL,
  PRIMARY KEY (`id`),
  UNIQUE KEY `auth_permission_content_type_id_01ab375a_uniq` (`content_type_id`,`codename`)
) ENGINE=InnoDB  DEFAULT CHARSET=utf8 AUTO_INCREMENT=43 ;

--
-- Volcado de datos para la tabla `auth_permission`
--

INSERT INTO `auth_permission` (`id`, `name`, `content_type_id`, `codename`) VALUES
(1, 'Can add log entry', 1, 'add_logentry'),
(2, 'Can change log entry', 1, 'change_logentry'),
(3, 'Can delete log entry', 1, 'delete_logentry'),
(4, 'Can add permission', 2, 'add_permission'),
(5, 'Can change permission', 2, 'change_permission'),
(6, 'Can delete permission', 2, 'delete_permission'),
(7, 'Can add group', 3, 'add_group'),
(8, 'Can change group', 3, 'change_group'),
(9, 'Can delete group', 3, 'delete_group'),
(10, 'Can add user', 4, 'add_user'),
(11, 'Can change user', 4, 'change_user'),
(12, 'Can delete user', 4, 'delete_user'),
(13, 'Can add content type', 5, 'add_contenttype'),
(14, 'Can change content type', 5, 'change_contenttype'),
(15, 'Can delete content type', 5, 'delete_contenttype'),
(16, 'Can add session', 6, 'add_session'),
(17, 'Can change session', 6, 'change_session'),
(18, 'Can delete session', 6, 'delete_session'),
(19, 'Can add tb cliente', 7, 'add_tbcliente'),
(20, 'Can change tb cliente', 7, 'change_tbcliente'),
(21, 'Can delete tb cliente', 7, 'delete_tbcliente'),
(22, 'Can add tb compania', 8, 'add_tbcompania'),
(23, 'Can change tb compania', 8, 'change_tbcompania'),
(24, 'Can delete tb compania', 8, 'delete_tbcompania'),
(25, 'Can add tb destino', 9, 'add_tbdestino'),
(26, 'Can change tb destino', 9, 'change_tbdestino'),
(27, 'Can delete tb destino', 9, 'delete_tbdestino'),
(28, 'Can add tb origen', 10, 'add_tborigen'),
(29, 'Can change tb origen', 10, 'change_tborigen'),
(30, 'Can delete tb origen', 10, 'delete_tborigen'),
(31, 'Can add tb itinerario', 11, 'add_tbitinerario'),
(32, 'Can change tb itinerario', 11, 'change_tbitinerario'),
(33, 'Can delete tb itinerario', 11, 'delete_tbitinerario'),
(34, 'Can add tb pais', 12, 'add_tbpais'),
(35, 'Can change tb pais', 12, 'change_tbpais'),
(36, 'Can delete tb pais', 12, 'delete_tbpais'),
(37, 'Can add tb vuelo', 13, 'add_tbvuelo'),
(38, 'Can change tb vuelo', 13, 'change_tbvuelo'),
(39, 'Can delete tb vuelo', 13, 'delete_tbvuelo'),
(40, 'Can add tb pasaje', 14, 'add_tbpasaje'),
(41, 'Can change tb pasaje', 14, 'change_tbpasaje'),
(42, 'Can delete tb pasaje', 14, 'delete_tbpasaje');

-- --------------------------------------------------------

--
-- Estructura de tabla para la tabla `auth_user`
--

CREATE TABLE IF NOT EXISTS `auth_user` (
  `id` int(11) NOT NULL AUTO_INCREMENT,
  `password` varchar(128) NOT NULL,
  `last_login` datetime DEFAULT NULL,
  `is_superuser` tinyint(1) NOT NULL,
  `username` varchar(30) NOT NULL,
  `first_name` varchar(30) NOT NULL,
  `last_name` varchar(30) NOT NULL,
  `email` varchar(254) NOT NULL,
  `is_staff` tinyint(1) NOT NULL,
  `is_active` tinyint(1) NOT NULL,
  `date_joined` datetime NOT NULL,
  PRIMARY KEY (`id`),
  UNIQUE KEY `username` (`username`)
) ENGINE=InnoDB  DEFAULT CHARSET=utf8 AUTO_INCREMENT=2 ;

--
-- Volcado de datos para la tabla `auth_user`
--

INSERT INTO `auth_user` (`id`, `password`, `last_login`, `is_superuser`, `username`, `first_name`, `last_name`, `email`, `is_staff`, `is_active`, `date_joined`) VALUES
(1, 'pbkdf2_sha256$24000$kuI7Jk6o7qUv$lIOp2TPUanKAA3GZs/D0ZLUe1TAjsmYlzUosG7UEjAs=', '2016-02-20 18:33:32', 1, 'admin', '', '', 'leoaki19@gmail.com', 1, 1, '2016-02-20 18:12:59');

-- --------------------------------------------------------

--
-- Estructura de tabla para la tabla `auth_user_groups`
--

CREATE TABLE IF NOT EXISTS `auth_user_groups` (
  `id` int(11) NOT NULL AUTO_INCREMENT,
  `user_id` int(11) NOT NULL,
  `group_id` int(11) NOT NULL,
  PRIMARY KEY (`id`),
  UNIQUE KEY `auth_user_groups_user_id_94350c0c_uniq` (`user_id`,`group_id`),
  KEY `auth_user_groups_group_id_97559544_fk_auth_group_id` (`group_id`)
) ENGINE=InnoDB DEFAULT CHARSET=utf8 AUTO_INCREMENT=1 ;

-- --------------------------------------------------------

--
-- Estructura de tabla para la tabla `auth_user_user_permissions`
--

CREATE TABLE IF NOT EXISTS `auth_user_user_permissions` (
  `id` int(11) NOT NULL AUTO_INCREMENT,
  `user_id` int(11) NOT NULL,
  `permission_id` int(11) NOT NULL,
  PRIMARY KEY (`id`),
  UNIQUE KEY `auth_user_user_permissions_user_id_14a6b632_uniq` (`user_id`,`permission_id`),
  KEY `auth_user_user_perm_permission_id_1fbb5f2c_fk_auth_permission_id` (`permission_id`)
) ENGINE=InnoDB DEFAULT CHARSET=utf8 AUTO_INCREMENT=1 ;

-- --------------------------------------------------------

--
-- Estructura de tabla para la tabla `django_admin_log`
--

CREATE TABLE IF NOT EXISTS `django_admin_log` (
  `id` int(11) NOT NULL AUTO_INCREMENT,
  `action_time` datetime NOT NULL,
  `object_id` longtext,
  `object_repr` varchar(200) NOT NULL,
  `action_flag` smallint(5) unsigned NOT NULL,
  `change_message` longtext NOT NULL,
  `content_type_id` int(11) DEFAULT NULL,
  `user_id` int(11) NOT NULL,
  PRIMARY KEY (`id`),
  KEY `django_admin__content_type_id_c4bce8eb_fk_django_content_type_id` (`content_type_id`),
  KEY `django_admin_log_user_id_c564eba6_fk_auth_user_id` (`user_id`)
) ENGINE=InnoDB DEFAULT CHARSET=utf8 AUTO_INCREMENT=1 ;

-- --------------------------------------------------------

--
-- Estructura de tabla para la tabla `django_content_type`
--

CREATE TABLE IF NOT EXISTS `django_content_type` (
  `id` int(11) NOT NULL AUTO_INCREMENT,
  `app_label` varchar(100) NOT NULL,
  `model` varchar(100) NOT NULL,
  PRIMARY KEY (`id`),
  UNIQUE KEY `django_content_type_app_label_76bd3d3b_uniq` (`app_label`,`model`)
) ENGINE=InnoDB  DEFAULT CHARSET=utf8 AUTO_INCREMENT=15 ;

--
-- Volcado de datos para la tabla `django_content_type`
--

INSERT INTO `django_content_type` (`id`, `app_label`, `model`) VALUES
(1, 'admin', 'logentry'),
(3, 'auth', 'group'),
(2, 'auth', 'permission'),
(4, 'auth', 'user'),
(5, 'contenttypes', 'contenttype'),
(7, 'pasajes', 'tbcliente'),
(8, 'pasajes', 'tbcompania'),
(9, 'pasajes', 'tbdestino'),
(11, 'pasajes', 'tbitinerario'),
(10, 'pasajes', 'tborigen'),
(12, 'pasajes', 'tbpais'),
(14, 'pasajes', 'tbpasaje'),
(13, 'pasajes', 'tbvuelo'),
(6, 'sessions', 'session');

-- --------------------------------------------------------

--
-- Estructura de tabla para la tabla `django_migrations`
--

CREATE TABLE IF NOT EXISTS `django_migrations` (
  `id` int(11) NOT NULL AUTO_INCREMENT,
  `app` varchar(255) NOT NULL,
  `name` varchar(255) NOT NULL,
  `applied` datetime NOT NULL,
  PRIMARY KEY (`id`)
) ENGINE=InnoDB  DEFAULT CHARSET=utf8 AUTO_INCREMENT=13 ;

--
-- Volcado de datos para la tabla `django_migrations`
--

INSERT INTO `django_migrations` (`id`, `app`, `name`, `applied`) VALUES
(1, 'contenttypes', '0001_initial', '2016-02-20 18:10:33'),
(2, 'auth', '0001_initial', '2016-02-20 18:10:37'),
(3, 'admin', '0001_initial', '2016-02-20 18:10:38'),
(4, 'admin', '0002_logentry_remove_auto_add', '2016-02-20 18:10:39'),
(5, 'contenttypes', '0002_remove_content_type_name', '2016-02-20 18:10:40'),
(6, 'auth', '0002_alter_permission_name_max_length', '2016-02-20 18:10:41'),
(7, 'auth', '0003_alter_user_email_max_length', '2016-02-20 18:10:41'),
(8, 'auth', '0004_alter_user_username_opts', '2016-02-20 18:10:41'),
(9, 'auth', '0005_alter_user_last_login_null', '2016-02-20 18:10:42'),
(10, 'auth', '0006_require_contenttypes_0002', '2016-02-20 18:10:42'),
(11, 'auth', '0007_alter_validators_add_error_messages', '2016-02-20 18:10:43'),
(12, 'sessions', '0001_initial', '2016-02-20 18:10:43');

-- --------------------------------------------------------

--
-- Estructura de tabla para la tabla `django_session`
--

CREATE TABLE IF NOT EXISTS `django_session` (
  `session_key` varchar(40) NOT NULL,
  `session_data` longtext NOT NULL,
  `expire_date` datetime NOT NULL,
  PRIMARY KEY (`session_key`),
  KEY `django_session_de54fa62` (`expire_date`)
) ENGINE=InnoDB DEFAULT CHARSET=utf8;

--
-- Volcado de datos para la tabla `django_session`
--

INSERT INTO `django_session` (`session_key`, `session_data`, `expire_date`) VALUES
('xgpfnhkcsg628e1u8fh28d0ogd83vs3c', 'MDNkNTI3Y2U2ODViYTc1YTViMWNkNWQ2Njg3NTA0ZjRiYTY3MzE2NDp7Il9hdXRoX3VzZXJfaGFzaCI6IjM5ZDc2OWU2NWI5ODk5YzIxYzFjNmJiMTI2ZDEyODNjZjAyOGM4MDciLCJfYXV0aF91c2VyX2JhY2tlbmQiOiJkamFuZ28uY29udHJpYi5hdXRoLmJhY2tlbmRzLk1vZGVsQmFja2VuZCIsIl9hdXRoX3VzZXJfaWQiOiIxIn0=', '2016-03-05 18:33:32');

-- --------------------------------------------------------

--
-- Estructura de tabla para la tabla `tb_cliente`
--

CREATE TABLE IF NOT EXISTS `tb_cliente` (
  `id_cliente` int(11) NOT NULL AUTO_INCREMENT,
  `ind_tipo_documento` char(1) NOT NULL COMMENT '1=Pasaporte\n2=DNI',
  `des_num_documento` varchar(20) NOT NULL,
  `des_nombre` varchar(20) NOT NULL,
  `des_primer_apellido` varchar(20) NOT NULL,
  `des_ruc` char(11) DEFAULT NULL,
  `des_email` varchar(50) NOT NULL,
  PRIMARY KEY (`id_cliente`)
) ENGINE=InnoDB  DEFAULT CHARSET=utf8 AUTO_INCREMENT=9 ;

--
-- Volcado de datos para la tabla `tb_cliente`
--

INSERT INTO `tb_cliente` (`id_cliente`, `ind_tipo_documento`, `des_num_documento`, `des_nombre`, `des_primer_apellido`, `des_ruc`, `des_email`) VALUES
(1, '2', '40908274', 'JULIO gay', 'CASTILLO', '10409082748', 'julio@gmail.com'),
(2, '2', '11111111', 'LEONARDO', 'AQUINO', '10409082747', 'leoaki@gmail.com'),
(3, '2', '22222222', 'AURELIO', 'OVIEDO', '10409082746', 'aurelio@gmail.com'),
(4, '2', '33333333', 'ERIKA', 'CHAVEZ', '10409082745', 'erika@gmail.com'),
(5, '2', '44444444', 'KLIVER', 'ISIDRO', '10409082744', 'kliver@gmail.com'),
(6, '2', '55555555', 'JASON', 'JAUREZ', '10409082743', 'jason@gmail.com'),
(7, '2', '66666666', 'JOSE LUIS', 'BUGARIN', '1040908274', 'bugarin@gmail.com'),
(8, '8', '2', '45851656', 'Kliver', '10458516566', 'papi@kliver.es');

-- --------------------------------------------------------

--
-- Estructura de tabla para la tabla `tb_compania`
--

CREATE TABLE IF NOT EXISTS `tb_compania` (
  `id_compañia` int(11) NOT NULL,
  `des_nom_aerolinea` varchar(50) NOT NULL,
  `des_razon_social` varchar(50) NOT NULL,
  `num_ruc` char(11) DEFAULT NULL,
  PRIMARY KEY (`id_compañia`)
) ENGINE=InnoDB DEFAULT CHARSET=utf8;

--
-- Volcado de datos para la tabla `tb_compania`
--

INSERT INTO `tb_compania` (`id_compañia`, `des_nom_aerolinea`, `des_razon_social`, `num_ruc`) VALUES
(1, 'LAN', 'LAN PERU', '20104090854'),
(2, 'LAN', 'LAN CHILE', '20105897454');

-- --------------------------------------------------------

--
-- Estructura de tabla para la tabla `tb_destino`
--

CREATE TABLE IF NOT EXISTS `tb_destino` (
  `id_destino` int(11) NOT NULL,
  `des_nomd_aeropuerto` varchar(50) NOT NULL,
  `des_ciudad` varchar(50) NOT NULL,
  `cod_ciudad` varchar(3) NOT NULL,
  PRIMARY KEY (`id_destino`)
) ENGINE=InnoDB DEFAULT CHARSET=utf8;

--
-- Volcado de datos para la tabla `tb_destino`
--

INSERT INTO `tb_destino` (`id_destino`, `des_nomd_aeropuerto`, `des_ciudad`, `cod_ciudad`) VALUES
(1, 'Rodríguez Ballón', 'Arequipa', 'AQP'),
(2, 'Andahuaylas', 'Andahuaylas', 'ANS'),
(3, 'Comandante FAP Germán Arias Graciani', 'Anta (Huaraz)', 'ATA'),
(4, 'Coronel FAP Alfredo Mendívil', 'Ayacucho', 'AYP'),
(5, 'Mayor Gral. FAP Armando Revoredo', 'Cajamarca', 'CJA'),
(6, 'Tnte. FAP Jaime De Montruil M.', 'Chimbote', 'CHM'),
(7, 'Alejandro Velazco Astete', 'Cuzco', 'CUZ'),
(8, 'Chachapoyas', 'Chachapoyas', 'CHH'),
(9, 'Capitán FAP José Quiñones G.', 'Chiclayo', 'CIX'),
(10, 'Alférez FAP David Figueroa F.', 'Huánuco', 'HUU'),
(11, 'Ilo', 'Ilo', 'ILO'),
(12, 'Coronel FAP Francisco Secada V.', 'Iquitos', 'IQT'),
(13, 'Juanjuí', 'Juanjui', 'JJI'),
(14, 'Manco Cápac', 'Juliaca', 'JUL'),
(15, 'Internacional Jorge Chávez', 'Lima', 'LIM'),
(16, 'Moyobamba', 'Moyobamba', 'MBP'),
(17, 'Pisco', 'Pisco', 'PIO'),
(18, 'Capitán FAP Carlos Concha', 'Piura', 'PIU'),
(19, 'Pucallpa', 'Pucallpa', 'PCL'),
(20, 'Padre Aldamiz', 'Puerto Maldonado', 'PEM'),
(21, 'Rioja', 'Rioja', 'RIJ'),
(22, 'Coronel FAP Carlos Ciriani', 'Tacna', 'TCQ'),
(23, 'Capitán FAP Montes', 'Talara', 'TYL'),
(24, 'Tarapoto', 'Tarapoto', 'TPP'),
(25, 'Tingo María', 'Tingo María', 'TIG'),
(26, 'Capitán FAP Carlos Martínez Pinillos', 'Trujillo', 'TRU'),
(27, 'Capitán FAP Pedro Canga', 'Tumbes', 'TBP'),
(28, 'Yurimaguas', 'Yurimaguas', 'YMS');

-- --------------------------------------------------------

--
-- Estructura de tabla para la tabla `tb_itinerario`
--

CREATE TABLE IF NOT EXISTS `tb_itinerario` (
  `id_itinerario` int(11) NOT NULL,
  `id_origen` int(11) NOT NULL,
  `id_destino` int(11) NOT NULL,
  `fec_vuelo` date NOT NULL,
  `num_hora` time NOT NULL,
  `num_duracion` time NOT NULL,
  PRIMARY KEY (`id_itinerario`),
  KEY `fk_tb_itinerario_tb_origen1_idx` (`id_origen`),
  KEY `fk_tb_itinerario_tb_destino1_idx` (`id_destino`)
) ENGINE=InnoDB DEFAULT CHARSET=utf8;

--
-- Volcado de datos para la tabla `tb_itinerario`
--

INSERT INTO `tb_itinerario` (`id_itinerario`, `id_origen`, `id_destino`, `fec_vuelo`, `num_hora`, `num_duracion`) VALUES
(1, 15, 1, '2016-02-21', '04:40:00', '01:30:00'),
(2, 15, 1, '2016-02-21', '06:30:00', '01:30:00'),
(3, 15, 1, '2016-02-21', '08:00:00', '01:35:00'),
(4, 15, 1, '2016-02-21', '10:15:00', '01:30:00'),
(5, 15, 1, '2016-02-21', '12:35:00', '01:30:00'),
(6, 15, 1, '2016-02-21', '14:55:00', '01:30:00'),
(7, 15, 1, '2016-02-21', '16:10:00', '01:30:00'),
(8, 15, 1, '2016-02-21', '18:10:00', '01:30:00'),
(9, 15, 1, '2016-02-21', '19:30:00', '01:30:00'),
(10, 15, 1, '2016-02-21', '05:15:00', '01:30:00'),
(11, 1, 15, '2016-02-21', '07:00:00', '01:35:00'),
(12, 1, 15, '2016-02-21', '08:40:00', '01:35:00'),
(13, 1, 15, '2016-02-21', '11:05:00', '01:35:00'),
(14, 1, 15, '2016-02-21', '12:40:00', '01:35:00'),
(15, 1, 15, '2016-02-21', '14:25:00', '01:35:00'),
(16, 1, 15, '2016-02-21', '17:10:00', '01:35:00'),
(17, 1, 15, '2016-02-21', '17:30:00', '01:35:00'),
(18, 1, 15, '2016-02-21', '22:10:00', '01:35:00'),
(19, 1, 15, '2016-02-21', '08:50:00', '01:35:00'),
(20, 1, 15, '2016-02-21', '08:50:00', '01:35:00'),
(21, 15, 4, '2016-02-21', '05:45:00', '01:05:00'),
(22, 4, 15, '2016-02-21', '07:30:00', '00:55:00'),
(23, 4, 15, '2016-02-21', '16:30:00', '00:55:00'),
(24, 15, 5, '2016-02-21', '05:10:00', '01:20:00'),
(25, 15, 5, '2016-02-21', '10:45:00', '01:30:00'),
(26, 15, 5, '2016-02-21', '15:35:00', '01:20:00'),
(27, 5, 15, '2016-02-21', '07:10:00', '01:10:00'),
(28, 5, 15, '2016-02-21', '12:55:00', '01:10:00'),
(29, 5, 15, '2016-02-21', '17:15:00', '01:10:00'),
(30, 15, 7, '2016-02-21', '03:55:00', '01:10:00'),
(31, 15, 7, '2016-02-21', '04:50:00', '01:20:00'),
(32, 15, 7, '2016-02-21', '05:15:00', '01:20:00'),
(33, 15, 7, '2016-02-21', '05:55:00', '01:20:00'),
(34, 15, 7, '2016-02-21', '07:55:00', '01:20:00'),
(35, 15, 7, '2016-02-21', '09:05:00', '01:30:00'),
(36, 15, 7, '2016-02-21', '09:40:00', '01:30:00'),
(37, 15, 7, '2016-02-21', '09:45:00', '01:30:00'),
(38, 15, 7, '2016-02-21', '10:40:00', '01:30:00'),
(39, 15, 7, '2016-02-21', '11:10:00', '01:30:00'),
(40, 15, 7, '2016-02-21', '12:15:00', '01:20:00'),
(41, 15, 7, '2016-02-21', '13:00:00', '01:20:00'),
(42, 15, 7, '2016-02-21', '13:40:00', '01:20:00'),
(43, 15, 7, '2016-02-21', '16:15:00', '01:20:00'),
(44, 15, 7, '2016-02-21', '17:15:00', '01:20:00'),
(45, 15, 7, '2016-02-21', '17:35:00', '01:20:00'),
(46, 7, 15, '2016-02-21', '05:40:00', '01:30:00'),
(47, 7, 15, '2016-02-21', '08:05:00', '01:30:00'),
(48, 7, 15, '2016-02-21', '10:10:00', '01:30:00'),
(49, 7, 15, '2016-02-21', '10:25:00', '01:30:00'),
(50, 7, 15, '2016-02-21', '11:20:00', '01:30:00'),
(51, 7, 15, '2016-02-21', '11:35:00', '01:30:00'),
(52, 7, 15, '2016-02-21', '13:00:00', '01:30:00'),
(53, 15, 9, '2016-02-21', '05:50:00', '01:30:00'),
(54, 15, 9, '2016-02-21', '15:25:00', '01:30:00'),
(55, 15, 9, '2016-02-21', '20:30:00', '01:30:00'),
(56, 9, 15, '2016-02-21', '08:00:00', '01:20:00'),
(57, 9, 15, '2016-02-21', '12:25:00', '01:20:00'),
(58, 9, 15, '2016-02-21', '17:20:00', '01:20:00'),
(59, 15, 12, '2016-02-21', '05:20:00', '01:55:00'),
(60, 15, 12, '2016-02-21', '10:10:00', '01:55:00'),
(61, 15, 12, '2016-02-21', '16:00:00', '01:55:00'),
(62, 15, 12, '2016-02-21', '17:05:00', '01:55:00'),
(63, 15, 12, '2016-02-21', '20:15:00', '01:55:00'),
(64, 12, 15, '2016-02-21', '08:20:00', '01:15:00'),
(65, 12, 15, '2016-02-21', '12:25:00', '01:15:00'),
(66, 12, 15, '2016-02-21', '17:20:00', '01:15:00'),
(67, 15, 14, '2016-02-21', '06:05:00', '01:40:00'),
(68, 15, 14, '2016-02-21', '10:55:00', '01:40:00'),
(69, 15, 14, '2016-02-21', '19:05:00', '01:40:00'),
(70, 15, 14, '2016-02-21', '09:05:00', '01:40:00'),
(71, 15, 14, '2016-02-21', '07:55:00', '01:40:00'),
(72, 14, 15, '2016-02-21', '08:20:00', '01:40:00'),
(73, 14, 15, '2016-02-21', '13:20:00', '01:40:00'),
(74, 14, 15, '2016-02-21', '21:15:00', '01:40:00'),
(75, 15, 18, '2016-02-21', '05:10:00', '01:40:00'),
(76, 15, 18, '2016-02-21', '06:10:00', '01:40:00'),
(77, 15, 18, '2016-02-21', '08:15:00', '01:40:00'),
(78, 15, 18, '2016-02-21', '14:50:00', '01:40:00'),
(79, 15, 18, '2016-02-21', '16:05:00', '01:40:00'),
(80, 15, 18, '2016-02-21', '17:55:00', '01:40:00'),
(81, 15, 18, '2016-02-21', '20:20:00', '01:40:00'),
(82, 18, 15, '2016-02-21', '07:30:00', '01:30:00'),
(83, 18, 15, '2016-02-21', '08:25:00', '01:30:00'),
(84, 18, 15, '2016-02-21', '09:40:00', '01:30:00'),
(85, 18, 15, '2016-02-21', '18:40:00', '01:30:00'),
(86, 18, 15, '2016-02-21', '20:10:00', '01:30:00'),
(87, 18, 15, '2016-02-21', '22:30:00', '01:30:00'),
(88, 15, 26, '2016-02-21', '05:55:00', '01:15:00'),
(89, 15, 26, '2016-02-21', '08:40:00', '01:15:00'),
(90, 15, 26, '2016-02-21', '16:50:00', '01:15:00'),
(91, 15, 26, '2016-02-21', '19:20:00', '01:15:00'),
(92, 15, 26, '2016-02-21', '22:10:00', '01:15:00'),
(93, 26, 15, '2016-02-21', '07:25:00', '01:05:00'),
(94, 26, 15, '2016-02-21', '08:55:00', '01:05:00'),
(95, 26, 15, '2016-02-21', '18:40:00', '01:05:00'),
(96, 26, 15, '2016-02-21', '21:15:00', '01:05:00'),
(97, 15, 27, '2016-02-21', '11:00:00', '02:05:00'),
(98, 15, 27, '2016-02-21', '19:00:00', '01:55:00'),
(99, 27, 15, '2016-02-21', '13:45:00', '01:45:00'),
(100, 27, 15, '2016-02-21', '21:30:00', '01:45:00'),
(101, 15, 1, '2016-02-22', '04:40:00', '01:30:00'),
(102, 15, 1, '2016-02-22', '06:30:00', '01:30:00'),
(103, 15, 1, '2016-02-22', '08:00:00', '01:35:00'),
(104, 15, 1, '2016-02-22', '10:15:00', '01:30:00'),
(105, 15, 1, '2016-02-22', '12:35:00', '01:30:00'),
(106, 15, 1, '2016-02-22', '14:55:00', '01:30:00'),
(107, 15, 1, '2016-02-22', '16:10:00', '01:30:00'),
(108, 15, 1, '2016-02-22', '18:10:00', '01:30:00'),
(109, 15, 1, '2016-02-22', '19:30:00', '01:30:00'),
(110, 15, 1, '2016-02-22', '05:15:00', '01:30:00'),
(111, 1, 15, '2016-02-22', '07:00:00', '01:35:00'),
(112, 1, 15, '2016-02-22', '08:40:00', '01:35:00'),
(113, 1, 15, '2016-02-22', '11:05:00', '01:35:00'),
(114, 1, 15, '2016-02-22', '12:40:00', '01:35:00'),
(115, 1, 15, '2016-02-22', '14:25:00', '01:35:00'),
(116, 1, 15, '2016-02-22', '17:10:00', '01:35:00'),
(117, 1, 15, '2016-02-22', '17:30:00', '01:35:00'),
(118, 1, 15, '2016-02-22', '22:10:00', '01:35:00'),
(119, 1, 15, '2016-02-22', '08:50:00', '01:35:00'),
(120, 1, 15, '2016-02-22', '08:50:00', '01:35:00'),
(121, 15, 4, '2016-02-22', '05:45:00', '01:05:00'),
(122, 4, 15, '2016-02-22', '07:30:00', '00:55:00'),
(123, 4, 15, '2016-02-22', '16:30:00', '00:55:00'),
(124, 15, 5, '2016-02-22', '05:10:00', '01:20:00'),
(125, 15, 5, '2016-02-22', '10:45:00', '01:30:00'),
(126, 15, 5, '2016-02-22', '15:35:00', '01:20:00'),
(127, 5, 15, '2016-02-22', '07:10:00', '01:10:00'),
(128, 5, 15, '2016-02-22', '12:55:00', '01:10:00'),
(129, 5, 15, '2016-02-22', '17:15:00', '01:10:00'),
(130, 15, 7, '2016-02-22', '03:55:00', '01:10:00'),
(131, 15, 7, '2016-02-22', '04:50:00', '01:20:00'),
(132, 15, 7, '2016-02-22', '05:15:00', '01:20:00'),
(133, 15, 7, '2016-02-22', '05:55:00', '01:20:00'),
(134, 15, 7, '2016-02-22', '07:55:00', '01:20:00'),
(135, 15, 7, '2016-02-22', '09:05:00', '01:30:00'),
(136, 15, 7, '2016-02-22', '09:40:00', '01:30:00'),
(137, 15, 7, '2016-02-22', '09:45:00', '01:30:00'),
(138, 15, 7, '2016-02-22', '10:40:00', '01:30:00'),
(139, 15, 7, '2016-02-22', '11:10:00', '01:30:00'),
(140, 15, 7, '2016-02-22', '12:15:00', '01:20:00'),
(141, 15, 7, '2016-02-22', '13:00:00', '01:20:00'),
(142, 15, 7, '2016-02-22', '13:40:00', '01:20:00'),
(143, 15, 7, '2016-02-22', '16:15:00', '01:20:00'),
(144, 15, 7, '2016-02-22', '17:15:00', '01:20:00'),
(145, 15, 7, '2016-02-22', '17:35:00', '01:20:00'),
(146, 7, 15, '2016-02-22', '05:40:00', '01:30:00'),
(147, 7, 15, '2016-02-22', '08:05:00', '01:30:00'),
(148, 7, 15, '2016-02-22', '10:10:00', '01:30:00'),
(149, 7, 15, '2016-02-22', '10:25:00', '01:30:00'),
(150, 7, 15, '2016-02-22', '11:20:00', '01:30:00'),
(151, 7, 15, '2016-02-22', '11:35:00', '01:30:00'),
(152, 7, 15, '2016-02-22', '13:00:00', '01:30:00'),
(153, 15, 9, '2016-02-22', '05:50:00', '01:30:00'),
(154, 15, 9, '2016-02-22', '15:25:00', '01:30:00'),
(155, 15, 9, '2016-02-22', '20:30:00', '01:30:00'),
(156, 9, 15, '2016-02-22', '08:00:00', '01:20:00'),
(157, 9, 15, '2016-02-22', '12:25:00', '01:20:00'),
(158, 9, 15, '2016-02-22', '17:20:00', '01:20:00'),
(159, 15, 12, '2016-02-22', '05:20:00', '01:55:00'),
(160, 15, 12, '2016-02-22', '10:10:00', '01:55:00'),
(161, 15, 12, '2016-02-22', '16:00:00', '01:55:00'),
(162, 15, 12, '2016-02-22', '17:05:00', '01:55:00'),
(163, 15, 12, '2016-02-22', '20:15:00', '01:55:00'),
(164, 12, 15, '2016-02-22', '08:20:00', '01:15:00'),
(165, 12, 15, '2016-02-22', '12:25:00', '01:15:00'),
(166, 12, 15, '2016-02-22', '17:20:00', '01:15:00'),
(167, 15, 14, '2016-02-22', '06:05:00', '01:40:00'),
(168, 15, 14, '2016-02-22', '10:55:00', '01:40:00'),
(169, 15, 14, '2016-02-22', '19:05:00', '01:40:00'),
(170, 15, 14, '2016-02-22', '09:05:00', '01:40:00'),
(171, 15, 14, '2016-02-22', '07:55:00', '01:40:00'),
(172, 14, 15, '2016-02-22', '08:20:00', '01:40:00'),
(173, 14, 15, '2016-02-22', '13:20:00', '01:40:00'),
(174, 14, 15, '2016-02-22', '21:15:00', '01:40:00'),
(175, 15, 18, '2016-02-22', '05:10:00', '01:40:00'),
(176, 15, 18, '2016-02-22', '06:10:00', '01:40:00'),
(177, 15, 18, '2016-02-22', '08:15:00', '01:40:00'),
(178, 15, 18, '2016-02-22', '14:50:00', '01:40:00'),
(179, 15, 18, '2016-02-22', '16:05:00', '01:40:00'),
(180, 15, 18, '2016-02-22', '17:55:00', '01:40:00'),
(181, 15, 18, '2016-02-22', '20:20:00', '01:40:00'),
(182, 18, 15, '2016-02-22', '07:30:00', '01:30:00'),
(183, 18, 15, '2016-02-22', '08:25:00', '01:30:00'),
(184, 18, 15, '2016-02-22', '09:40:00', '01:30:00'),
(185, 18, 15, '2016-02-22', '18:40:00', '01:30:00'),
(186, 18, 15, '2016-02-22', '20:10:00', '01:30:00'),
(187, 18, 15, '2016-02-22', '22:30:00', '01:30:00'),
(188, 15, 26, '2016-02-22', '05:55:00', '01:15:00'),
(189, 15, 26, '2016-02-22', '08:40:00', '01:15:00'),
(190, 15, 26, '2016-02-22', '16:50:00', '01:15:00'),
(191, 15, 26, '2016-02-22', '19:20:00', '01:15:00'),
(192, 15, 26, '2016-02-22', '22:10:00', '01:15:00'),
(193, 26, 15, '2016-02-22', '07:25:00', '01:05:00'),
(194, 26, 15, '2016-02-22', '08:55:00', '01:05:00'),
(195, 26, 15, '2016-02-22', '18:40:00', '01:05:00'),
(196, 26, 15, '2016-02-22', '21:15:00', '01:05:00'),
(197, 15, 27, '2016-02-22', '11:00:00', '02:05:00'),
(198, 15, 27, '2016-02-22', '19:00:00', '01:55:00'),
(199, 27, 15, '2016-02-22', '13:45:00', '01:45:00'),
(200, 27, 15, '2016-02-22', '21:30:00', '01:45:00'),
(201, 15, 1, '2016-02-23', '04:40:00', '01:30:00'),
(202, 15, 1, '2016-02-23', '06:30:00', '01:30:00'),
(203, 15, 1, '2016-02-23', '08:00:00', '01:35:00'),
(204, 15, 1, '2016-02-23', '10:15:00', '01:30:00'),
(205, 15, 1, '2016-02-23', '12:35:00', '01:30:00'),
(206, 15, 1, '2016-02-23', '14:55:00', '01:30:00'),
(207, 15, 1, '2016-02-23', '16:10:00', '01:30:00'),
(208, 15, 1, '2016-02-23', '18:10:00', '01:30:00'),
(209, 15, 1, '2016-02-23', '19:30:00', '01:30:00'),
(210, 15, 1, '2016-02-23', '05:15:00', '01:30:00'),
(211, 1, 15, '2016-02-23', '07:00:00', '01:35:00'),
(212, 1, 15, '2016-02-23', '08:40:00', '01:35:00'),
(213, 1, 15, '2016-02-23', '11:05:00', '01:35:00'),
(214, 1, 15, '2016-02-23', '12:40:00', '01:35:00'),
(215, 1, 15, '2016-02-23', '14:25:00', '01:35:00'),
(216, 1, 15, '2016-02-23', '17:10:00', '01:35:00'),
(217, 1, 15, '2016-02-23', '17:30:00', '01:35:00'),
(218, 1, 15, '2016-02-23', '22:10:00', '01:35:00'),
(219, 1, 15, '2016-02-23', '08:50:00', '01:35:00'),
(220, 1, 15, '2016-02-23', '08:50:00', '01:35:00'),
(221, 15, 4, '2016-02-23', '05:45:00', '01:05:00'),
(222, 4, 15, '2016-02-23', '07:30:00', '00:55:00'),
(223, 4, 15, '2016-02-23', '16:30:00', '00:55:00'),
(224, 15, 5, '2016-02-23', '05:10:00', '01:20:00'),
(225, 15, 5, '2016-02-23', '10:45:00', '01:30:00'),
(226, 15, 5, '2016-02-23', '15:35:00', '01:20:00'),
(227, 5, 15, '2016-02-23', '07:10:00', '01:10:00'),
(228, 5, 15, '2016-02-23', '12:55:00', '01:10:00'),
(229, 5, 15, '2016-02-23', '17:15:00', '01:10:00'),
(230, 15, 7, '2016-02-23', '03:55:00', '01:10:00'),
(231, 15, 7, '2016-02-23', '04:50:00', '01:20:00'),
(232, 15, 7, '2016-02-23', '05:15:00', '01:20:00'),
(233, 15, 7, '2016-02-23', '05:55:00', '01:20:00'),
(234, 15, 7, '2016-02-23', '07:55:00', '01:20:00'),
(235, 15, 7, '2016-02-23', '09:05:00', '01:30:00'),
(236, 15, 7, '2016-02-23', '09:40:00', '01:30:00'),
(237, 15, 7, '2016-02-23', '09:45:00', '01:30:00'),
(238, 15, 7, '2016-02-23', '10:40:00', '01:30:00'),
(239, 15, 7, '2016-02-23', '11:10:00', '01:30:00'),
(240, 15, 7, '2016-02-23', '12:15:00', '01:20:00'),
(241, 15, 7, '2016-02-23', '13:00:00', '01:20:00'),
(242, 15, 7, '2016-02-23', '13:40:00', '01:20:00'),
(243, 15, 7, '2016-02-23', '16:15:00', '01:20:00'),
(244, 15, 7, '2016-02-23', '17:15:00', '01:20:00'),
(245, 15, 7, '2016-02-23', '17:35:00', '01:20:00'),
(246, 7, 15, '2016-02-23', '05:40:00', '01:30:00'),
(247, 7, 15, '2016-02-23', '08:05:00', '01:30:00'),
(248, 7, 15, '2016-02-23', '10:10:00', '01:30:00'),
(249, 7, 15, '2016-02-23', '10:25:00', '01:30:00'),
(250, 7, 15, '2016-02-23', '11:20:00', '01:30:00'),
(251, 7, 15, '2016-02-23', '11:35:00', '01:30:00'),
(252, 7, 15, '2016-02-23', '13:00:00', '01:30:00'),
(253, 15, 9, '2016-02-23', '05:50:00', '01:30:00'),
(254, 15, 9, '2016-02-23', '15:25:00', '01:30:00'),
(255, 15, 9, '2016-02-23', '20:30:00', '01:30:00'),
(256, 9, 15, '2016-02-23', '08:00:00', '01:20:00'),
(257, 9, 15, '2016-02-23', '12:25:00', '01:20:00'),
(258, 9, 15, '2016-02-23', '17:20:00', '01:20:00'),
(259, 15, 12, '2016-02-23', '05:20:00', '01:55:00'),
(260, 15, 12, '2016-02-23', '10:10:00', '01:55:00'),
(261, 15, 12, '2016-02-23', '16:00:00', '01:55:00'),
(262, 15, 12, '2016-02-23', '17:05:00', '01:55:00'),
(263, 15, 12, '2016-02-23', '20:15:00', '01:55:00'),
(264, 12, 15, '2016-02-23', '08:20:00', '01:15:00'),
(265, 12, 15, '2016-02-23', '12:25:00', '01:15:00'),
(266, 12, 15, '2016-02-23', '17:20:00', '01:15:00'),
(267, 15, 14, '2016-02-23', '06:05:00', '01:40:00'),
(268, 15, 14, '2016-02-23', '10:55:00', '01:40:00'),
(269, 15, 14, '2016-02-23', '19:05:00', '01:40:00'),
(270, 15, 14, '2016-02-23', '09:05:00', '01:40:00'),
(271, 15, 14, '2016-02-23', '07:55:00', '01:40:00'),
(272, 14, 15, '2016-02-23', '08:20:00', '01:40:00'),
(273, 14, 15, '2016-02-23', '13:20:00', '01:40:00'),
(274, 14, 15, '2016-02-23', '21:15:00', '01:40:00'),
(275, 15, 18, '2016-02-23', '05:10:00', '01:40:00'),
(276, 15, 18, '2016-02-23', '06:10:00', '01:40:00'),
(277, 15, 18, '2016-02-23', '08:15:00', '01:40:00'),
(278, 15, 18, '2016-02-23', '14:50:00', '01:40:00'),
(279, 15, 18, '2016-02-23', '16:05:00', '01:40:00'),
(280, 15, 18, '2016-02-23', '17:55:00', '01:40:00'),
(281, 15, 18, '2016-02-23', '20:20:00', '01:40:00'),
(282, 18, 15, '2016-02-23', '07:30:00', '01:30:00'),
(283, 18, 15, '2016-02-23', '08:25:00', '01:30:00'),
(284, 18, 15, '2016-02-23', '09:40:00', '01:30:00'),
(285, 18, 15, '2016-02-23', '18:40:00', '01:30:00'),
(286, 18, 15, '2016-02-23', '20:10:00', '01:30:00'),
(287, 18, 15, '2016-02-23', '22:30:00', '01:30:00'),
(288, 15, 26, '2016-02-23', '05:55:00', '01:15:00'),
(289, 15, 26, '2016-02-23', '08:40:00', '01:15:00'),
(290, 15, 26, '2016-02-23', '16:50:00', '01:15:00'),
(291, 15, 26, '2016-02-23', '19:20:00', '01:15:00'),
(292, 15, 26, '2016-02-23', '22:10:00', '01:15:00'),
(293, 26, 15, '2016-02-23', '07:25:00', '01:05:00'),
(294, 26, 15, '2016-02-23', '08:55:00', '01:05:00'),
(295, 26, 15, '2016-02-23', '18:40:00', '01:05:00'),
(296, 26, 15, '2016-02-23', '21:15:00', '01:05:00'),
(297, 15, 27, '2016-02-23', '11:00:00', '02:05:00'),
(298, 15, 27, '2016-02-23', '19:00:00', '01:55:00'),
(299, 27, 15, '2016-02-23', '13:45:00', '01:45:00'),
(300, 27, 15, '2016-02-23', '21:30:00', '01:45:00'),
(301, 15, 1, '2016-02-24', '04:40:00', '01:30:00'),
(302, 15, 1, '2016-02-24', '06:30:00', '01:30:00'),
(303, 15, 1, '2016-02-24', '08:00:00', '01:35:00'),
(304, 15, 1, '2016-02-24', '10:15:00', '01:30:00'),
(305, 15, 1, '2016-02-24', '12:35:00', '01:30:00'),
(306, 15, 1, '2016-02-24', '14:55:00', '01:30:00'),
(307, 15, 1, '2016-02-24', '16:10:00', '01:30:00'),
(308, 15, 1, '2016-02-24', '18:10:00', '01:30:00'),
(309, 15, 1, '2016-02-24', '19:30:00', '01:30:00'),
(310, 15, 1, '2016-02-24', '05:15:00', '01:30:00'),
(311, 1, 15, '2016-02-24', '07:00:00', '01:35:00'),
(312, 1, 15, '2016-02-24', '08:40:00', '01:35:00'),
(313, 1, 15, '2016-02-24', '11:05:00', '01:35:00'),
(314, 1, 15, '2016-02-24', '12:40:00', '01:35:00'),
(315, 1, 15, '2016-02-24', '14:25:00', '01:35:00'),
(316, 1, 15, '2016-02-24', '17:10:00', '01:35:00'),
(317, 1, 15, '2016-02-24', '17:30:00', '01:35:00'),
(318, 1, 15, '2016-02-24', '22:10:00', '01:35:00'),
(319, 1, 15, '2016-02-24', '08:50:00', '01:35:00'),
(320, 1, 15, '2016-02-24', '08:50:00', '01:35:00'),
(321, 15, 4, '2016-02-24', '05:45:00', '01:05:00'),
(322, 4, 15, '2016-02-24', '07:30:00', '00:55:00'),
(323, 4, 15, '2016-02-24', '16:30:00', '00:55:00'),
(324, 15, 5, '2016-02-24', '05:10:00', '01:20:00'),
(325, 15, 5, '2016-02-24', '10:45:00', '01:30:00'),
(326, 15, 5, '2016-02-24', '15:35:00', '01:20:00'),
(327, 5, 15, '2016-02-24', '07:10:00', '01:10:00'),
(328, 5, 15, '2016-02-24', '12:55:00', '01:10:00'),
(329, 5, 15, '2016-02-24', '17:15:00', '01:10:00'),
(330, 15, 7, '2016-02-24', '03:55:00', '01:10:00'),
(331, 15, 7, '2016-02-24', '04:50:00', '01:20:00'),
(332, 15, 7, '2016-02-24', '05:15:00', '01:20:00'),
(333, 15, 7, '2016-02-24', '05:55:00', '01:20:00'),
(334, 15, 7, '2016-02-24', '07:55:00', '01:20:00'),
(335, 15, 7, '2016-02-24', '09:05:00', '01:30:00'),
(336, 15, 7, '2016-02-24', '09:40:00', '01:30:00'),
(337, 15, 7, '2016-02-24', '09:45:00', '01:30:00'),
(338, 15, 7, '2016-02-24', '10:40:00', '01:30:00'),
(339, 15, 7, '2016-02-24', '11:10:00', '01:30:00'),
(340, 15, 7, '2016-02-24', '12:15:00', '01:20:00'),
(341, 15, 7, '2016-02-24', '13:00:00', '01:20:00'),
(342, 15, 7, '2016-02-24', '13:40:00', '01:20:00'),
(343, 15, 7, '2016-02-24', '16:15:00', '01:20:00'),
(344, 15, 7, '2016-02-24', '17:15:00', '01:20:00'),
(345, 15, 7, '2016-02-24', '17:35:00', '01:20:00'),
(346, 7, 15, '2016-02-24', '05:40:00', '01:30:00'),
(347, 7, 15, '2016-02-24', '08:05:00', '01:30:00'),
(348, 7, 15, '2016-02-24', '10:10:00', '01:30:00'),
(349, 7, 15, '2016-02-24', '10:25:00', '01:30:00'),
(350, 7, 15, '2016-02-24', '11:20:00', '01:30:00'),
(351, 7, 15, '2016-02-24', '11:35:00', '01:30:00'),
(352, 7, 15, '2016-02-24', '13:00:00', '01:30:00'),
(353, 15, 9, '2016-02-24', '05:50:00', '01:30:00'),
(354, 15, 9, '2016-02-24', '15:25:00', '01:30:00'),
(355, 15, 9, '2016-02-24', '20:30:00', '01:30:00'),
(356, 9, 15, '2016-02-24', '08:00:00', '01:20:00'),
(357, 9, 15, '2016-02-24', '12:25:00', '01:20:00'),
(358, 9, 15, '2016-02-24', '17:20:00', '01:20:00'),
(359, 15, 12, '2016-02-24', '05:20:00', '01:55:00'),
(360, 15, 12, '2016-02-24', '10:10:00', '01:55:00'),
(361, 15, 12, '2016-02-24', '16:00:00', '01:55:00'),
(362, 15, 12, '2016-02-24', '17:05:00', '01:55:00'),
(363, 15, 12, '2016-02-24', '20:15:00', '01:55:00'),
(364, 12, 15, '2016-02-24', '08:20:00', '01:15:00'),
(365, 12, 15, '2016-02-24', '12:25:00', '01:15:00'),
(366, 12, 15, '2016-02-24', '17:20:00', '01:15:00'),
(367, 15, 14, '2016-02-24', '06:05:00', '01:40:00'),
(368, 15, 14, '2016-02-24', '10:55:00', '01:40:00'),
(369, 15, 14, '2016-02-24', '19:05:00', '01:40:00'),
(370, 15, 14, '2016-02-24', '09:05:00', '01:40:00'),
(371, 15, 14, '2016-02-24', '07:55:00', '01:40:00'),
(372, 14, 15, '2016-02-24', '08:20:00', '01:40:00'),
(373, 14, 15, '2016-02-24', '13:20:00', '01:40:00'),
(374, 14, 15, '2016-02-24', '21:15:00', '01:40:00'),
(375, 15, 18, '2016-02-24', '05:10:00', '01:40:00'),
(376, 15, 18, '2016-02-24', '06:10:00', '01:40:00'),
(377, 15, 18, '2016-02-24', '08:15:00', '01:40:00'),
(378, 15, 18, '2016-02-24', '14:50:00', '01:40:00'),
(379, 15, 18, '2016-02-24', '16:05:00', '01:40:00'),
(380, 15, 18, '2016-02-24', '17:55:00', '01:40:00'),
(381, 15, 18, '2016-02-24', '20:20:00', '01:40:00'),
(382, 18, 15, '2016-02-24', '07:30:00', '01:30:00'),
(383, 18, 15, '2016-02-24', '08:25:00', '01:30:00'),
(384, 18, 15, '2016-02-24', '09:40:00', '01:30:00'),
(385, 18, 15, '2016-02-24', '18:40:00', '01:30:00'),
(386, 18, 15, '2016-02-24', '20:10:00', '01:30:00'),
(387, 18, 15, '2016-02-24', '22:30:00', '01:30:00'),
(388, 15, 26, '2016-02-24', '05:55:00', '01:15:00'),
(389, 15, 26, '2016-02-24', '08:40:00', '01:15:00'),
(390, 15, 26, '2016-02-24', '16:50:00', '01:15:00'),
(391, 15, 26, '2016-02-24', '19:20:00', '01:15:00'),
(392, 15, 26, '2016-02-24', '22:10:00', '01:15:00'),
(393, 26, 15, '2016-02-24', '07:25:00', '01:05:00'),
(394, 26, 15, '2016-02-24', '08:55:00', '01:05:00'),
(395, 26, 15, '2016-02-24', '18:40:00', '01:05:00'),
(396, 26, 15, '2016-02-24', '21:15:00', '01:05:00'),
(397, 15, 27, '2016-02-24', '11:00:00', '02:05:00'),
(398, 15, 27, '2016-02-24', '19:00:00', '01:55:00'),
(399, 27, 15, '2016-02-24', '13:45:00', '01:45:00'),
(400, 27, 15, '2016-02-24', '21:30:00', '01:45:00'),
(401, 15, 1, '2016-02-25', '04:40:00', '01:30:00'),
(402, 15, 1, '2016-02-25', '06:30:00', '01:30:00'),
(403, 15, 1, '2016-02-25', '08:00:00', '01:35:00'),
(404, 15, 1, '2016-02-25', '10:15:00', '01:30:00'),
(405, 15, 1, '2016-02-25', '12:35:00', '01:30:00'),
(406, 15, 1, '2016-02-25', '14:55:00', '01:30:00'),
(407, 15, 1, '2016-02-25', '16:10:00', '01:30:00'),
(408, 15, 1, '2016-02-25', '18:10:00', '01:30:00'),
(409, 15, 1, '2016-02-25', '19:30:00', '01:30:00'),
(410, 15, 1, '2016-02-25', '05:15:00', '01:30:00'),
(411, 1, 15, '2016-02-25', '07:00:00', '01:35:00'),
(412, 1, 15, '2016-02-25', '08:40:00', '01:35:00'),
(413, 1, 15, '2016-02-25', '11:05:00', '01:35:00'),
(414, 1, 15, '2016-02-25', '12:40:00', '01:35:00'),
(415, 1, 15, '2016-02-25', '14:25:00', '01:35:00'),
(416, 1, 15, '2016-02-25', '17:10:00', '01:35:00'),
(417, 1, 15, '2016-02-25', '17:30:00', '01:35:00'),
(418, 1, 15, '2016-02-25', '22:10:00', '01:35:00'),
(419, 1, 15, '2016-02-25', '08:50:00', '01:35:00'),
(420, 1, 15, '2016-02-25', '08:50:00', '01:35:00'),
(421, 15, 4, '2016-02-25', '05:45:00', '01:05:00'),
(422, 4, 15, '2016-02-25', '07:30:00', '00:55:00'),
(423, 4, 15, '2016-02-25', '16:30:00', '00:55:00'),
(424, 15, 5, '2016-02-25', '05:10:00', '01:20:00'),
(425, 15, 5, '2016-02-25', '10:45:00', '01:30:00'),
(426, 15, 5, '2016-02-25', '15:35:00', '01:20:00'),
(427, 5, 15, '2016-02-25', '07:10:00', '01:10:00'),
(428, 5, 15, '2016-02-25', '12:55:00', '01:10:00'),
(429, 5, 15, '2016-02-25', '17:15:00', '01:10:00'),
(430, 15, 7, '2016-02-25', '03:55:00', '01:10:00'),
(431, 15, 7, '2016-02-25', '04:50:00', '01:20:00'),
(432, 15, 7, '2016-02-25', '05:15:00', '01:20:00'),
(433, 15, 7, '2016-02-25', '05:55:00', '01:20:00'),
(434, 15, 7, '2016-02-25', '07:55:00', '01:20:00'),
(435, 15, 7, '2016-02-25', '09:05:00', '01:30:00'),
(436, 15, 7, '2016-02-25', '09:40:00', '01:30:00'),
(437, 15, 7, '2016-02-25', '09:45:00', '01:30:00'),
(438, 15, 7, '2016-02-25', '10:40:00', '01:30:00'),
(439, 15, 7, '2016-02-25', '11:10:00', '01:30:00'),
(440, 15, 7, '2016-02-25', '12:15:00', '01:20:00'),
(441, 15, 7, '2016-02-25', '13:00:00', '01:20:00'),
(442, 15, 7, '2016-02-25', '13:40:00', '01:20:00'),
(443, 15, 7, '2016-02-25', '16:15:00', '01:20:00'),
(444, 15, 7, '2016-02-25', '17:15:00', '01:20:00'),
(445, 15, 7, '2016-02-25', '17:35:00', '01:20:00'),
(446, 7, 15, '2016-02-25', '05:40:00', '01:30:00'),
(447, 7, 15, '2016-02-25', '08:05:00', '01:30:00'),
(448, 7, 15, '2016-02-25', '10:10:00', '01:30:00'),
(449, 7, 15, '2016-02-25', '10:25:00', '01:30:00'),
(450, 7, 15, '2016-02-25', '11:20:00', '01:30:00'),
(451, 7, 15, '2016-02-25', '11:35:00', '01:30:00'),
(452, 7, 15, '2016-02-25', '13:00:00', '01:30:00'),
(453, 15, 9, '2016-02-25', '05:50:00', '01:30:00'),
(454, 15, 9, '2016-02-25', '15:25:00', '01:30:00'),
(455, 15, 9, '2016-02-25', '20:30:00', '01:30:00'),
(456, 9, 15, '2016-02-25', '08:00:00', '01:20:00'),
(457, 9, 15, '2016-02-25', '12:25:00', '01:20:00'),
(458, 9, 15, '2016-02-25', '17:20:00', '01:20:00'),
(459, 15, 12, '2016-02-25', '05:20:00', '01:55:00'),
(460, 15, 12, '2016-02-25', '10:10:00', '01:55:00'),
(461, 15, 12, '2016-02-25', '16:00:00', '01:55:00'),
(462, 15, 12, '2016-02-25', '17:05:00', '01:55:00'),
(463, 15, 12, '2016-02-25', '20:15:00', '01:55:00'),
(464, 12, 15, '2016-02-25', '08:20:00', '01:15:00'),
(465, 12, 15, '2016-02-25', '12:25:00', '01:15:00'),
(466, 12, 15, '2016-02-25', '17:20:00', '01:15:00'),
(467, 15, 14, '2016-02-25', '06:05:00', '01:40:00'),
(468, 15, 14, '2016-02-25', '10:55:00', '01:40:00'),
(469, 15, 14, '2016-02-25', '19:05:00', '01:40:00'),
(470, 15, 14, '2016-02-25', '09:05:00', '01:40:00'),
(471, 15, 14, '2016-02-25', '07:55:00', '01:40:00'),
(472, 14, 15, '2016-02-25', '08:20:00', '01:40:00'),
(473, 14, 15, '2016-02-25', '13:20:00', '01:40:00'),
(474, 14, 15, '2016-02-25', '21:15:00', '01:40:00'),
(475, 15, 18, '2016-02-25', '05:10:00', '01:40:00'),
(476, 15, 18, '2016-02-25', '06:10:00', '01:40:00'),
(477, 15, 18, '2016-02-25', '08:15:00', '01:40:00'),
(478, 15, 18, '2016-02-25', '14:50:00', '01:40:00'),
(479, 15, 18, '2016-02-25', '16:05:00', '01:40:00'),
(480, 15, 18, '2016-02-25', '17:55:00', '01:40:00'),
(481, 15, 18, '2016-02-25', '20:20:00', '01:40:00'),
(482, 18, 15, '2016-02-25', '07:30:00', '01:30:00'),
(483, 18, 15, '2016-02-25', '08:25:00', '01:30:00'),
(484, 18, 15, '2016-02-25', '09:40:00', '01:30:00'),
(485, 18, 15, '2016-02-25', '18:40:00', '01:30:00'),
(486, 18, 15, '2016-02-25', '20:10:00', '01:30:00'),
(487, 18, 15, '2016-02-25', '22:30:00', '01:30:00'),
(488, 15, 26, '2016-02-25', '05:55:00', '01:15:00'),
(489, 15, 26, '2016-02-25', '08:40:00', '01:15:00'),
(490, 15, 26, '2016-02-25', '16:50:00', '01:15:00'),
(491, 15, 26, '2016-02-25', '19:20:00', '01:15:00'),
(492, 15, 26, '2016-02-25', '22:10:00', '01:15:00'),
(493, 26, 15, '2016-02-25', '07:25:00', '01:05:00'),
(494, 26, 15, '2016-02-25', '08:55:00', '01:05:00'),
(495, 26, 15, '2016-02-25', '18:40:00', '01:05:00'),
(496, 26, 15, '2016-02-25', '21:15:00', '01:05:00'),
(497, 15, 27, '2016-02-25', '11:00:00', '02:05:00'),
(498, 15, 27, '2016-02-25', '19:00:00', '01:55:00'),
(499, 27, 15, '2016-02-25', '13:45:00', '01:45:00'),
(500, 27, 15, '2016-02-25', '21:30:00', '01:45:00'),
(501, 15, 1, '2016-02-26', '04:40:00', '01:30:00'),
(502, 15, 1, '2016-02-26', '06:30:00', '01:30:00'),
(503, 15, 1, '2016-02-26', '08:00:00', '01:35:00'),
(504, 15, 1, '2016-02-26', '10:15:00', '01:30:00'),
(505, 15, 1, '2016-02-26', '12:35:00', '01:30:00'),
(506, 15, 1, '2016-02-26', '14:55:00', '01:30:00'),
(507, 15, 1, '2016-02-26', '16:10:00', '01:30:00'),
(508, 15, 1, '2016-02-26', '18:10:00', '01:30:00'),
(509, 15, 1, '2016-02-26', '19:30:00', '01:30:00'),
(510, 15, 1, '2016-02-26', '05:15:00', '01:30:00'),
(511, 1, 15, '2016-02-26', '07:00:00', '01:35:00'),
(512, 1, 15, '2016-02-26', '08:40:00', '01:35:00'),
(513, 1, 15, '2016-02-26', '11:05:00', '01:35:00'),
(514, 1, 15, '2016-02-26', '12:40:00', '01:35:00'),
(515, 1, 15, '2016-02-26', '14:25:00', '01:35:00'),
(516, 1, 15, '2016-02-26', '17:10:00', '01:35:00'),
(517, 1, 15, '2016-02-26', '17:30:00', '01:35:00'),
(518, 1, 15, '2016-02-26', '22:10:00', '01:35:00'),
(519, 1, 15, '2016-02-26', '08:50:00', '01:35:00'),
(520, 1, 15, '2016-02-26', '08:50:00', '01:35:00'),
(521, 15, 4, '2016-02-26', '05:45:00', '01:05:00'),
(522, 4, 15, '2016-02-26', '07:30:00', '00:55:00'),
(523, 4, 15, '2016-02-26', '16:30:00', '00:55:00'),
(524, 15, 5, '2016-02-26', '05:10:00', '01:20:00'),
(525, 15, 5, '2016-02-26', '10:45:00', '01:30:00'),
(526, 15, 5, '2016-02-26', '15:35:00', '01:20:00'),
(527, 5, 15, '2016-02-26', '07:10:00', '01:10:00'),
(528, 5, 15, '2016-02-26', '12:55:00', '01:10:00'),
(529, 5, 15, '2016-02-26', '17:15:00', '01:10:00'),
(530, 15, 7, '2016-02-26', '03:55:00', '01:10:00'),
(531, 15, 7, '2016-02-26', '04:50:00', '01:20:00'),
(532, 15, 7, '2016-02-26', '05:15:00', '01:20:00'),
(533, 15, 7, '2016-02-26', '05:55:00', '01:20:00'),
(534, 15, 7, '2016-02-26', '07:55:00', '01:20:00'),
(535, 15, 7, '2016-02-26', '09:05:00', '01:30:00'),
(536, 15, 7, '2016-02-26', '09:40:00', '01:30:00'),
(537, 15, 7, '2016-02-26', '09:45:00', '01:30:00'),
(538, 15, 7, '2016-02-26', '10:40:00', '01:30:00'),
(539, 15, 7, '2016-02-26', '11:10:00', '01:30:00'),
(540, 15, 7, '2016-02-26', '12:15:00', '01:20:00'),
(541, 15, 7, '2016-02-26', '13:00:00', '01:20:00'),
(542, 15, 7, '2016-02-26', '13:40:00', '01:20:00'),
(543, 15, 7, '2016-02-26', '16:15:00', '01:20:00'),
(544, 15, 7, '2016-02-26', '17:15:00', '01:20:00'),
(545, 15, 7, '2016-02-26', '17:35:00', '01:20:00'),
(546, 7, 15, '2016-02-26', '05:40:00', '01:30:00'),
(547, 7, 15, '2016-02-26', '08:05:00', '01:30:00'),
(548, 7, 15, '2016-02-26', '10:10:00', '01:30:00'),
(549, 7, 15, '2016-02-26', '10:25:00', '01:30:00'),
(550, 7, 15, '2016-02-26', '11:20:00', '01:30:00'),
(551, 7, 15, '2016-02-26', '11:35:00', '01:30:00'),
(552, 7, 15, '2016-02-26', '13:00:00', '01:30:00'),
(553, 15, 9, '2016-02-26', '05:50:00', '01:30:00'),
(554, 15, 9, '2016-02-26', '15:25:00', '01:30:00'),
(555, 15, 9, '2016-02-26', '20:30:00', '01:30:00'),
(556, 9, 15, '2016-02-26', '08:00:00', '01:20:00'),
(557, 9, 15, '2016-02-26', '12:25:00', '01:20:00'),
(558, 9, 15, '2016-02-26', '17:20:00', '01:20:00'),
(559, 15, 12, '2016-02-26', '05:20:00', '01:55:00'),
(560, 15, 12, '2016-02-26', '10:10:00', '01:55:00'),
(561, 15, 12, '2016-02-26', '16:00:00', '01:55:00'),
(562, 15, 12, '2016-02-26', '17:05:00', '01:55:00'),
(563, 15, 12, '2016-02-26', '20:15:00', '01:55:00'),
(564, 12, 15, '2016-02-26', '08:20:00', '01:15:00'),
(565, 12, 15, '2016-02-26', '12:25:00', '01:15:00'),
(566, 12, 15, '2016-02-26', '17:20:00', '01:15:00'),
(567, 15, 14, '2016-02-26', '06:05:00', '01:40:00'),
(568, 15, 14, '2016-02-26', '10:55:00', '01:40:00'),
(569, 15, 14, '2016-02-26', '19:05:00', '01:40:00'),
(570, 15, 14, '2016-02-26', '09:05:00', '01:40:00'),
(571, 15, 14, '2016-02-26', '07:55:00', '01:40:00'),
(572, 14, 15, '2016-02-26', '08:20:00', '01:40:00'),
(573, 14, 15, '2016-02-26', '13:20:00', '01:40:00'),
(574, 14, 15, '2016-02-26', '21:15:00', '01:40:00'),
(575, 15, 18, '2016-02-26', '05:10:00', '01:40:00'),
(576, 15, 18, '2016-02-26', '06:10:00', '01:40:00'),
(577, 15, 18, '2016-02-26', '08:15:00', '01:40:00'),
(578, 15, 18, '2016-02-26', '14:50:00', '01:40:00'),
(579, 15, 18, '2016-02-26', '16:05:00', '01:40:00'),
(580, 15, 18, '2016-02-26', '17:55:00', '01:40:00'),
(581, 15, 18, '2016-02-26', '20:20:00', '01:40:00'),
(582, 18, 15, '2016-02-26', '07:30:00', '01:30:00'),
(583, 18, 15, '2016-02-26', '08:25:00', '01:30:00'),
(584, 18, 15, '2016-02-26', '09:40:00', '01:30:00'),
(585, 18, 15, '2016-02-26', '18:40:00', '01:30:00'),
(586, 18, 15, '2016-02-26', '20:10:00', '01:30:00'),
(587, 18, 15, '2016-02-26', '22:30:00', '01:30:00'),
(588, 15, 26, '2016-02-26', '05:55:00', '01:15:00'),
(589, 15, 26, '2016-02-26', '08:40:00', '01:15:00'),
(590, 15, 26, '2016-02-26', '16:50:00', '01:15:00'),
(591, 15, 26, '2016-02-26', '19:20:00', '01:15:00'),
(592, 15, 26, '2016-02-26', '22:10:00', '01:15:00'),
(593, 26, 15, '2016-02-26', '07:25:00', '01:05:00'),
(594, 26, 15, '2016-02-26', '08:55:00', '01:05:00'),
(595, 26, 15, '2016-02-26', '18:40:00', '01:05:00'),
(596, 26, 15, '2016-02-26', '21:15:00', '01:05:00'),
(597, 15, 27, '2016-02-26', '11:00:00', '02:05:00'),
(598, 15, 27, '2016-02-26', '19:00:00', '01:55:00'),
(599, 27, 15, '2016-02-26', '13:45:00', '01:45:00'),
(600, 27, 15, '2016-02-26', '21:30:00', '01:45:00'),
(601, 15, 1, '2016-02-27', '04:40:00', '01:30:00'),
(602, 15, 1, '2016-02-27', '06:30:00', '01:30:00'),
(603, 15, 1, '2016-02-27', '08:00:00', '01:35:00'),
(604, 15, 1, '2016-02-27', '10:15:00', '01:30:00'),
(605, 15, 1, '2016-02-27', '12:35:00', '01:30:00'),
(606, 15, 1, '2016-02-27', '14:55:00', '01:30:00'),
(607, 15, 1, '2016-02-27', '16:10:00', '01:30:00'),
(608, 15, 1, '2016-02-27', '18:10:00', '01:30:00'),
(609, 15, 1, '2016-02-27', '19:30:00', '01:30:00'),
(610, 15, 1, '2016-02-27', '05:15:00', '01:30:00'),
(611, 1, 15, '2016-02-27', '07:00:00', '01:35:00'),
(612, 1, 15, '2016-02-27', '08:40:00', '01:35:00'),
(613, 1, 15, '2016-02-27', '11:05:00', '01:35:00'),
(614, 1, 15, '2016-02-27', '12:40:00', '01:35:00'),
(615, 1, 15, '2016-02-27', '14:25:00', '01:35:00'),
(616, 1, 15, '2016-02-27', '17:10:00', '01:35:00'),
(617, 1, 15, '2016-02-27', '17:30:00', '01:35:00'),
(618, 1, 15, '2016-02-27', '22:10:00', '01:35:00'),
(619, 1, 15, '2016-02-27', '08:50:00', '01:35:00'),
(620, 1, 15, '2016-02-27', '08:50:00', '01:35:00'),
(621, 15, 4, '2016-02-27', '05:45:00', '01:05:00'),
(622, 4, 15, '2016-02-27', '07:30:00', '00:55:00'),
(623, 4, 15, '2016-02-27', '16:30:00', '00:55:00'),
(624, 15, 5, '2016-02-27', '05:10:00', '01:20:00'),
(625, 15, 5, '2016-02-27', '10:45:00', '01:30:00'),
(626, 15, 5, '2016-02-27', '15:35:00', '01:20:00'),
(627, 5, 15, '2016-02-27', '07:10:00', '01:10:00'),
(628, 5, 15, '2016-02-27', '12:55:00', '01:10:00'),
(629, 5, 15, '2016-02-27', '17:15:00', '01:10:00'),
(630, 15, 7, '2016-02-27', '03:55:00', '01:10:00'),
(631, 15, 7, '2016-02-27', '04:50:00', '01:20:00'),
(632, 15, 7, '2016-02-27', '05:15:00', '01:20:00'),
(633, 15, 7, '2016-02-27', '05:55:00', '01:20:00'),
(634, 15, 7, '2016-02-27', '07:55:00', '01:20:00'),
(635, 15, 7, '2016-02-27', '09:05:00', '01:30:00'),
(636, 15, 7, '2016-02-27', '09:40:00', '01:30:00'),
(637, 15, 7, '2016-02-27', '09:45:00', '01:30:00'),
(638, 15, 7, '2016-02-27', '10:40:00', '01:30:00'),
(639, 15, 7, '2016-02-27', '11:10:00', '01:30:00'),
(640, 15, 7, '2016-02-27', '12:15:00', '01:20:00'),
(641, 15, 7, '2016-02-27', '13:00:00', '01:20:00'),
(642, 15, 7, '2016-02-27', '13:40:00', '01:20:00'),
(643, 15, 7, '2016-02-27', '16:15:00', '01:20:00'),
(644, 15, 7, '2016-02-27', '17:15:00', '01:20:00'),
(645, 15, 7, '2016-02-27', '17:35:00', '01:20:00'),
(646, 7, 15, '2016-02-27', '05:40:00', '01:30:00'),
(647, 7, 15, '2016-02-27', '08:05:00', '01:30:00'),
(648, 7, 15, '2016-02-27', '10:10:00', '01:30:00'),
(649, 7, 15, '2016-02-27', '10:25:00', '01:30:00'),
(650, 7, 15, '2016-02-27', '11:20:00', '01:30:00'),
(651, 7, 15, '2016-02-27', '11:35:00', '01:30:00'),
(652, 7, 15, '2016-02-27', '13:00:00', '01:30:00'),
(653, 15, 9, '2016-02-27', '05:50:00', '01:30:00'),
(654, 15, 9, '2016-02-27', '15:25:00', '01:30:00'),
(655, 15, 9, '2016-02-27', '20:30:00', '01:30:00'),
(656, 9, 15, '2016-02-27', '08:00:00', '01:20:00'),
(657, 9, 15, '2016-02-27', '12:25:00', '01:20:00'),
(658, 9, 15, '2016-02-27', '17:20:00', '01:20:00'),
(659, 15, 12, '2016-02-27', '05:20:00', '01:55:00'),
(660, 15, 12, '2016-02-27', '10:10:00', '01:55:00'),
(661, 15, 12, '2016-02-27', '16:00:00', '01:55:00'),
(662, 15, 12, '2016-02-27', '17:05:00', '01:55:00'),
(663, 15, 12, '2016-02-27', '20:15:00', '01:55:00'),
(664, 12, 15, '2016-02-27', '08:20:00', '01:15:00'),
(665, 12, 15, '2016-02-27', '12:25:00', '01:15:00'),
(666, 12, 15, '2016-02-27', '17:20:00', '01:15:00'),
(667, 15, 14, '2016-02-27', '06:05:00', '01:40:00'),
(668, 15, 14, '2016-02-27', '10:55:00', '01:40:00'),
(669, 15, 14, '2016-02-27', '19:05:00', '01:40:00'),
(670, 15, 14, '2016-02-27', '09:05:00', '01:40:00'),
(671, 15, 14, '2016-02-27', '07:55:00', '01:40:00'),
(672, 14, 15, '2016-02-27', '08:20:00', '01:40:00'),
(673, 14, 15, '2016-02-27', '13:20:00', '01:40:00'),
(674, 14, 15, '2016-02-27', '21:15:00', '01:40:00'),
(675, 15, 18, '2016-02-27', '05:10:00', '01:40:00'),
(676, 15, 18, '2016-02-27', '06:10:00', '01:40:00'),
(677, 15, 18, '2016-02-27', '08:15:00', '01:40:00'),
(678, 15, 18, '2016-02-27', '14:50:00', '01:40:00'),
(679, 15, 18, '2016-02-27', '16:05:00', '01:40:00'),
(680, 15, 18, '2016-02-27', '17:55:00', '01:40:00'),
(681, 15, 18, '2016-02-27', '20:20:00', '01:40:00'),
(682, 18, 15, '2016-02-27', '07:30:00', '01:30:00'),
(683, 18, 15, '2016-02-27', '08:25:00', '01:30:00'),
(684, 18, 15, '2016-02-27', '09:40:00', '01:30:00'),
(685, 18, 15, '2016-02-27', '18:40:00', '01:30:00'),
(686, 18, 15, '2016-02-27', '20:10:00', '01:30:00'),
(687, 18, 15, '2016-02-27', '22:30:00', '01:30:00'),
(688, 15, 26, '2016-02-27', '05:55:00', '01:15:00'),
(689, 15, 26, '2016-02-27', '08:40:00', '01:15:00'),
(690, 15, 26, '2016-02-27', '16:50:00', '01:15:00'),
(691, 15, 26, '2016-02-27', '19:20:00', '01:15:00'),
(692, 15, 26, '2016-02-27', '22:10:00', '01:15:00'),
(693, 26, 15, '2016-02-27', '07:25:00', '01:05:00'),
(694, 26, 15, '2016-02-27', '08:55:00', '01:05:00'),
(695, 26, 15, '2016-02-27', '18:40:00', '01:05:00'),
(696, 26, 15, '2016-02-27', '21:15:00', '01:05:00'),
(697, 15, 27, '2016-02-27', '11:00:00', '02:05:00'),
(698, 15, 27, '2016-02-27', '19:00:00', '01:55:00'),
(699, 27, 15, '2016-02-27', '13:45:00', '01:45:00'),
(700, 27, 15, '2016-02-27', '21:30:00', '01:45:00'),
(701, 15, 1, '2016-02-28', '04:40:00', '01:30:00'),
(702, 15, 1, '2016-02-28', '06:30:00', '01:30:00'),
(703, 15, 1, '2016-02-28', '08:00:00', '01:35:00'),
(704, 15, 1, '2016-02-28', '10:15:00', '01:30:00'),
(705, 15, 1, '2016-02-28', '12:35:00', '01:30:00'),
(706, 15, 1, '2016-02-28', '14:55:00', '01:30:00'),
(707, 15, 1, '2016-02-28', '16:10:00', '01:30:00'),
(708, 15, 1, '2016-02-28', '18:10:00', '01:30:00'),
(709, 15, 1, '2016-02-28', '19:30:00', '01:30:00'),
(710, 15, 1, '2016-02-28', '05:15:00', '01:30:00'),
(711, 1, 15, '2016-02-28', '07:00:00', '01:35:00'),
(712, 1, 15, '2016-02-28', '08:40:00', '01:35:00'),
(713, 1, 15, '2016-02-28', '11:05:00', '01:35:00'),
(714, 1, 15, '2016-02-28', '12:40:00', '01:35:00'),
(715, 1, 15, '2016-02-28', '14:25:00', '01:35:00'),
(716, 1, 15, '2016-02-28', '17:10:00', '01:35:00'),
(717, 1, 15, '2016-02-28', '17:30:00', '01:35:00'),
(718, 1, 15, '2016-02-28', '22:10:00', '01:35:00'),
(719, 1, 15, '2016-02-28', '08:50:00', '01:35:00'),
(720, 1, 15, '2016-02-28', '08:50:00', '01:35:00'),
(721, 15, 4, '2016-02-28', '05:45:00', '01:05:00'),
(722, 4, 15, '2016-02-28', '07:30:00', '00:55:00'),
(723, 4, 15, '2016-02-28', '16:30:00', '00:55:00'),
(724, 15, 5, '2016-02-28', '05:10:00', '01:20:00'),
(725, 15, 5, '2016-02-28', '10:45:00', '01:30:00'),
(726, 15, 5, '2016-02-28', '15:35:00', '01:20:00'),
(727, 5, 15, '2016-02-28', '07:10:00', '01:10:00'),
(728, 5, 15, '2016-02-28', '12:55:00', '01:10:00'),
(729, 5, 15, '2016-02-28', '17:15:00', '01:10:00'),
(730, 15, 7, '2016-02-28', '03:55:00', '01:10:00'),
(731, 15, 7, '2016-02-28', '04:50:00', '01:20:00'),
(732, 15, 7, '2016-02-28', '05:15:00', '01:20:00'),
(733, 15, 7, '2016-02-28', '05:55:00', '01:20:00'),
(734, 15, 7, '2016-02-28', '07:55:00', '01:20:00'),
(735, 15, 7, '2016-02-28', '09:05:00', '01:30:00'),
(736, 15, 7, '2016-02-28', '09:40:00', '01:30:00'),
(737, 15, 7, '2016-02-28', '09:45:00', '01:30:00'),
(738, 15, 7, '2016-02-28', '10:40:00', '01:30:00'),
(739, 15, 7, '2016-02-28', '11:10:00', '01:30:00'),
(740, 15, 7, '2016-02-28', '12:15:00', '01:20:00'),
(741, 15, 7, '2016-02-28', '13:00:00', '01:20:00'),
(742, 15, 7, '2016-02-28', '13:40:00', '01:20:00'),
(743, 15, 7, '2016-02-28', '16:15:00', '01:20:00'),
(744, 15, 7, '2016-02-28', '17:15:00', '01:20:00'),
(745, 15, 7, '2016-02-28', '17:35:00', '01:20:00'),
(746, 7, 15, '2016-02-28', '05:40:00', '01:30:00'),
(747, 7, 15, '2016-02-28', '08:05:00', '01:30:00'),
(748, 7, 15, '2016-02-28', '10:10:00', '01:30:00'),
(749, 7, 15, '2016-02-28', '10:25:00', '01:30:00'),
(750, 7, 15, '2016-02-28', '11:20:00', '01:30:00'),
(751, 7, 15, '2016-02-28', '11:35:00', '01:30:00'),
(752, 7, 15, '2016-02-28', '13:00:00', '01:30:00'),
(753, 15, 9, '2016-02-28', '05:50:00', '01:30:00'),
(754, 15, 9, '2016-02-28', '15:25:00', '01:30:00'),
(755, 15, 9, '2016-02-28', '20:30:00', '01:30:00'),
(756, 9, 15, '2016-02-28', '08:00:00', '01:20:00'),
(757, 9, 15, '2016-02-28', '12:25:00', '01:20:00'),
(758, 9, 15, '2016-02-28', '17:20:00', '01:20:00'),
(759, 15, 12, '2016-02-28', '05:20:00', '01:55:00'),
(760, 15, 12, '2016-02-28', '10:10:00', '01:55:00'),
(761, 15, 12, '2016-02-28', '16:00:00', '01:55:00'),
(762, 15, 12, '2016-02-28', '17:05:00', '01:55:00'),
(763, 15, 12, '2016-02-28', '20:15:00', '01:55:00'),
(764, 12, 15, '2016-02-28', '08:20:00', '01:15:00'),
(765, 12, 15, '2016-02-28', '12:25:00', '01:15:00'),
(766, 12, 15, '2016-02-28', '17:20:00', '01:15:00'),
(767, 15, 14, '2016-02-28', '06:05:00', '01:40:00'),
(768, 15, 14, '2016-02-28', '10:55:00', '01:40:00'),
(769, 15, 14, '2016-02-28', '19:05:00', '01:40:00'),
(770, 15, 14, '2016-02-28', '09:05:00', '01:40:00'),
(771, 15, 14, '2016-02-28', '07:55:00', '01:40:00'),
(772, 14, 15, '2016-02-28', '08:20:00', '01:40:00'),
(773, 14, 15, '2016-02-28', '13:20:00', '01:40:00'),
(774, 14, 15, '2016-02-28', '21:15:00', '01:40:00'),
(775, 15, 18, '2016-02-28', '05:10:00', '01:40:00'),
(776, 15, 18, '2016-02-28', '06:10:00', '01:40:00'),
(777, 15, 18, '2016-02-28', '08:15:00', '01:40:00'),
(778, 15, 18, '2016-02-28', '14:50:00', '01:40:00'),
(779, 15, 18, '2016-02-28', '16:05:00', '01:40:00'),
(780, 15, 18, '2016-02-28', '17:55:00', '01:40:00'),
(781, 15, 18, '2016-02-28', '20:20:00', '01:40:00'),
(782, 18, 15, '2016-02-28', '07:30:00', '01:30:00'),
(783, 18, 15, '2016-02-28', '08:25:00', '01:30:00'),
(784, 18, 15, '2016-02-28', '09:40:00', '01:30:00'),
(785, 18, 15, '2016-02-28', '18:40:00', '01:30:00'),
(786, 18, 15, '2016-02-28', '20:10:00', '01:30:00'),
(787, 18, 15, '2016-02-28', '22:30:00', '01:30:00'),
(788, 15, 26, '2016-02-28', '05:55:00', '01:15:00'),
(789, 15, 26, '2016-02-28', '08:40:00', '01:15:00'),
(790, 15, 26, '2016-02-28', '16:50:00', '01:15:00'),
(791, 15, 26, '2016-02-28', '19:20:00', '01:15:00'),
(792, 15, 26, '2016-02-28', '22:10:00', '01:15:00'),
(793, 26, 15, '2016-02-28', '07:25:00', '01:05:00'),
(794, 26, 15, '2016-02-28', '08:55:00', '01:05:00'),
(795, 26, 15, '2016-02-28', '18:40:00', '01:05:00'),
(796, 26, 15, '2016-02-28', '21:15:00', '01:05:00'),
(797, 15, 27, '2016-02-28', '11:00:00', '02:05:00'),
(798, 15, 27, '2016-02-28', '19:00:00', '01:55:00'),
(799, 27, 15, '2016-02-28', '13:45:00', '01:45:00'),
(800, 27, 15, '2016-02-28', '21:30:00', '01:45:00'),
(801, 15, 1, '2016-02-29', '04:40:00', '01:30:00'),
(802, 15, 1, '2016-02-29', '06:30:00', '01:30:00'),
(803, 15, 1, '2016-02-29', '08:00:00', '01:35:00'),
(804, 15, 1, '2016-02-29', '10:15:00', '01:30:00'),
(805, 15, 1, '2016-02-29', '12:35:00', '01:30:00'),
(806, 15, 1, '2016-02-29', '14:55:00', '01:30:00'),
(807, 15, 1, '2016-02-29', '16:10:00', '01:30:00'),
(808, 15, 1, '2016-02-29', '18:10:00', '01:30:00'),
(809, 15, 1, '2016-02-29', '19:30:00', '01:30:00'),
(810, 15, 1, '2016-02-29', '05:15:00', '01:30:00'),
(811, 1, 15, '2016-02-29', '07:00:00', '01:35:00'),
(812, 1, 15, '2016-02-29', '08:40:00', '01:35:00'),
(813, 1, 15, '2016-02-29', '11:05:00', '01:35:00'),
(814, 1, 15, '2016-02-29', '12:40:00', '01:35:00'),
(815, 1, 15, '2016-02-29', '14:25:00', '01:35:00'),
(816, 1, 15, '2016-02-29', '17:10:00', '01:35:00'),
(817, 1, 15, '2016-02-29', '17:30:00', '01:35:00'),
(818, 1, 15, '2016-02-29', '22:10:00', '01:35:00'),
(819, 1, 15, '2016-02-29', '08:50:00', '01:35:00'),
(820, 1, 15, '2016-02-29', '08:50:00', '01:35:00'),
(821, 15, 4, '2016-02-29', '05:45:00', '01:05:00'),
(822, 4, 15, '2016-02-29', '07:30:00', '00:55:00'),
(823, 4, 15, '2016-02-29', '16:30:00', '00:55:00'),
(824, 15, 5, '2016-02-29', '05:10:00', '01:20:00'),
(825, 15, 5, '2016-02-29', '10:45:00', '01:30:00'),
(826, 15, 5, '2016-02-29', '15:35:00', '01:20:00'),
(827, 5, 15, '2016-02-29', '07:10:00', '01:10:00'),
(828, 5, 15, '2016-02-29', '12:55:00', '01:10:00'),
(829, 5, 15, '2016-02-29', '17:15:00', '01:10:00'),
(830, 15, 7, '2016-02-29', '03:55:00', '01:10:00'),
(831, 15, 7, '2016-02-29', '04:50:00', '01:20:00'),
(832, 15, 7, '2016-02-29', '05:15:00', '01:20:00'),
(833, 15, 7, '2016-02-29', '05:55:00', '01:20:00'),
(834, 15, 7, '2016-02-29', '07:55:00', '01:20:00'),
(835, 15, 7, '2016-02-29', '09:05:00', '01:30:00'),
(836, 15, 7, '2016-02-29', '09:40:00', '01:30:00'),
(837, 15, 7, '2016-02-29', '09:45:00', '01:30:00'),
(838, 15, 7, '2016-02-29', '10:40:00', '01:30:00'),
(839, 15, 7, '2016-02-29', '11:10:00', '01:30:00'),
(840, 15, 7, '2016-02-29', '12:15:00', '01:20:00'),
(841, 15, 7, '2016-02-29', '13:00:00', '01:20:00'),
(842, 15, 7, '2016-02-29', '13:40:00', '01:20:00'),
(843, 15, 7, '2016-02-29', '16:15:00', '01:20:00'),
(844, 15, 7, '2016-02-29', '17:15:00', '01:20:00'),
(845, 15, 7, '2016-02-29', '17:35:00', '01:20:00'),
(846, 7, 15, '2016-02-29', '05:40:00', '01:30:00'),
(847, 7, 15, '2016-02-29', '08:05:00', '01:30:00'),
(848, 7, 15, '2016-02-29', '10:10:00', '01:30:00'),
(849, 7, 15, '2016-02-29', '10:25:00', '01:30:00'),
(850, 7, 15, '2016-02-29', '11:20:00', '01:30:00'),
(851, 7, 15, '2016-02-29', '11:35:00', '01:30:00'),
(852, 7, 15, '2016-02-29', '13:00:00', '01:30:00'),
(853, 15, 9, '2016-02-29', '05:50:00', '01:30:00'),
(854, 15, 9, '2016-02-29', '15:25:00', '01:30:00'),
(855, 15, 9, '2016-02-29', '20:30:00', '01:30:00'),
(856, 9, 15, '2016-02-29', '08:00:00', '01:20:00'),
(857, 9, 15, '2016-02-29', '12:25:00', '01:20:00'),
(858, 9, 15, '2016-02-29', '17:20:00', '01:20:00'),
(859, 15, 12, '2016-02-29', '05:20:00', '01:55:00'),
(860, 15, 12, '2016-02-29', '10:10:00', '01:55:00'),
(861, 15, 12, '2016-02-29', '16:00:00', '01:55:00'),
(862, 15, 12, '2016-02-29', '17:05:00', '01:55:00'),
(863, 15, 12, '2016-02-29', '20:15:00', '01:55:00'),
(864, 12, 15, '2016-02-29', '08:20:00', '01:15:00'),
(865, 12, 15, '2016-02-29', '12:25:00', '01:15:00'),
(866, 12, 15, '2016-02-29', '17:20:00', '01:15:00'),
(867, 15, 14, '2016-02-29', '06:05:00', '01:40:00'),
(868, 15, 14, '2016-02-29', '10:55:00', '01:40:00'),
(869, 15, 14, '2016-02-29', '19:05:00', '01:40:00'),
(870, 15, 14, '2016-02-29', '09:05:00', '01:40:00'),
(871, 15, 14, '2016-02-29', '07:55:00', '01:40:00'),
(872, 14, 15, '2016-02-29', '08:20:00', '01:40:00'),
(873, 14, 15, '2016-02-29', '13:20:00', '01:40:00'),
(874, 14, 15, '2016-02-29', '21:15:00', '01:40:00'),
(875, 15, 18, '2016-02-29', '05:10:00', '01:40:00'),
(876, 15, 18, '2016-02-29', '06:10:00', '01:40:00'),
(877, 15, 18, '2016-02-29', '08:15:00', '01:40:00'),
(878, 15, 18, '2016-02-29', '14:50:00', '01:40:00'),
(879, 15, 18, '2016-02-29', '16:05:00', '01:40:00'),
(880, 15, 18, '2016-02-29', '17:55:00', '01:40:00'),
(881, 15, 18, '2016-02-29', '20:20:00', '01:40:00'),
(882, 18, 15, '2016-02-29', '07:30:00', '01:30:00'),
(883, 18, 15, '2016-02-29', '08:25:00', '01:30:00'),
(884, 18, 15, '2016-02-29', '09:40:00', '01:30:00'),
(885, 18, 15, '2016-02-29', '18:40:00', '01:30:00'),
(886, 18, 15, '2016-02-29', '20:10:00', '01:30:00'),
(887, 18, 15, '2016-02-29', '22:30:00', '01:30:00'),
(888, 15, 26, '2016-02-29', '05:55:00', '01:15:00'),
(889, 15, 26, '2016-02-29', '08:40:00', '01:15:00'),
(890, 15, 26, '2016-02-29', '16:50:00', '01:15:00'),
(891, 15, 26, '2016-02-29', '19:20:00', '01:15:00'),
(892, 15, 26, '2016-02-29', '22:10:00', '01:15:00'),
(893, 26, 15, '2016-02-29', '07:25:00', '01:05:00'),
(894, 26, 15, '2016-02-29', '08:55:00', '01:05:00'),
(895, 26, 15, '2016-02-29', '18:40:00', '01:05:00'),
(896, 26, 15, '2016-02-29', '21:15:00', '01:05:00'),
(897, 15, 27, '2016-02-29', '11:00:00', '02:05:00'),
(898, 15, 27, '2016-02-29', '19:00:00', '01:55:00'),
(899, 27, 15, '2016-02-29', '13:45:00', '01:45:00'),
(900, 27, 15, '2016-02-29', '21:30:00', '01:45:00');

-- --------------------------------------------------------

--
-- Estructura de tabla para la tabla `tb_origen`
--

CREATE TABLE IF NOT EXISTS `tb_origen` (
  `id_origen` int(11) NOT NULL,
  `des_nomo_aeropuerto` varchar(50) NOT NULL,
  `des_ciudad` varchar(50) NOT NULL,
  `cod_ciudad` varchar(3) NOT NULL,
  PRIMARY KEY (`id_origen`)
) ENGINE=InnoDB DEFAULT CHARSET=utf8;

--
-- Volcado de datos para la tabla `tb_origen`
--

INSERT INTO `tb_origen` (`id_origen`, `des_nomo_aeropuerto`, `des_ciudad`, `cod_ciudad`) VALUES
(1, 'Rodríguez Ballón', 'Arequipa', 'AQP'),
(2, 'Andahuaylas', 'Andahuaylas', 'ANS'),
(3, 'Comandante FAP Germán Arias Graciani', 'Anta (Huaraz)', 'ATA'),
(4, 'Coronel FAP Alfredo Mendívil', 'Ayacucho', 'AYP'),
(5, 'Mayor Gral. FAP Armando Revoredo', 'Cajamarca', 'CJA'),
(6, 'Tnte. FAP Jaime De Montruil M.', 'Chimbote', 'CHM'),
(7, 'Alejandro Velazco Astete', 'Cuzco', 'CUZ'),
(8, 'Chachapoyas', 'Chachapoyas', 'CHH'),
(9, 'Capitán FAP José Quiñones G.', 'Chiclayo', 'CIX'),
(10, 'Alférez FAP David Figueroa F.', 'Huánuco', 'HUU'),
(11, 'Ilo', 'Ilo', 'ILO'),
(12, 'Coronel FAP Francisco Secada V.', 'Iquitos', 'IQT'),
(13, 'Juanjuí', 'Juanjui', 'JJI'),
(14, 'Manco Cápac', 'Juliaca', 'JUL'),
(15, 'Internacional Jorge Chávez', 'Lima', 'LIM'),
(16, 'Moyobamba', 'Moyobamba', 'MBP'),
(17, 'Pisco', 'Pisco', 'PIO'),
(18, 'Capitán FAP Carlos Concha', 'Piura', 'PIU'),
(19, 'Pucallpa', 'Pucallpa', 'PCL'),
(20, 'Padre Aldamiz', 'Puerto Maldonado', 'PEM'),
(21, 'Rioja', 'Rioja', 'RIJ'),
(22, 'Coronel FAP Carlos Ciriani', 'Tacna', 'TCQ'),
(23, 'Capitán FAP Montes', 'Talara', 'TYL'),
(24, 'Tarapoto', 'Tarapoto', 'TPP'),
(25, 'Tingo María', 'Tingo María', 'TIG'),
(26, 'Capitán FAP Carlos Martínez Pinillos', 'Trujillo', 'TRU'),
(27, 'Capitán FAP Pedro Canga', 'Tumbes', 'TBP'),
(28, 'Yurimaguas', 'Yurimaguas', 'YMS');

-- --------------------------------------------------------

--
-- Estructura de tabla para la tabla `tb_pais`
--

CREATE TABLE IF NOT EXISTS `tb_pais` (
  `id_ciudad` int(11) NOT NULL,
  `des_pais` varchar(50) NOT NULL,
  `cod_pais` char(3) NOT NULL,
  PRIMARY KEY (`id_ciudad`)
) ENGINE=InnoDB DEFAULT CHARSET=utf8;

--
-- Volcado de datos para la tabla `tb_pais`
--

INSERT INTO `tb_pais` (`id_ciudad`, `des_pais`, `cod_pais`) VALUES
(1, 'AFGANISTÁN', '093'),
(2, 'ALBANIA', '355'),
(3, 'ALEMANIA', '049'),
(4, 'ANDORRA', '376'),
(5, 'ANGOLA', '244'),
(6, 'ANTIGUA Y BARBUDA', '001'),
(7, 'ARABIA SAUDITA', '966'),
(8, 'ARGELIA', '213'),
(9, 'ARGENTINA', '054'),
(10, 'ARMENIA', '374'),
(11, 'AUSTRALIA', '061'),
(12, 'AUSTRIA', '043'),
(13, 'AZERBAIYÁN', '994'),
(14, 'BAHAMAS', '001'),
(15, 'BAHRÉIN', '973'),
(16, 'BANGLADESH', '880'),
(17, 'BARBADOS', '001'),
(18, 'BÉLGICA', '032'),
(19, 'BELICE', '501'),
(20, 'BENÍN', '229'),
(21, 'BIELORRUSIA', '375'),
(22, 'BOLIVIA', '591'),
(23, 'BOSNIA-HERZEGOVINA', '387'),
(24, 'BOTSUANA', '267'),
(25, 'BRASIL', '055'),
(26, '', '000'),
(27, '', '000'),
(28, '', '000'),
(29, '', '000'),
(30, 'BRUNÉI', '673'),
(31, 'BULGARIA', '359'),
(32, 'BURKINA FASO', '226'),
(33, 'BURUNDI', '257'),
(34, 'BUTÁN', '975'),
(35, 'CABO VERDE', '238'),
(36, 'CAMBOYA', '855'),
(37, 'CAMERÚN', '237'),
(38, 'CANADÁ', '001'),
(39, 'CHAD', '235'),
(40, 'CHILE', '056'),
(41, 'CHINA', '086'),
(42, 'CHIPRE', '357'),
(43, 'COLOMBIA', '057'),
(44, '', '000'),
(45, '', '000'),
(46, 'COMORAS', '269'),
(47, 'COREA DEL NORTE', '850'),
(48, 'COREA DEL SUR', '082'),
(49, 'COSTA DE MARFIL', '225'),
(50, 'COSTA RICA', '506'),
(51, 'CROACIA', '385'),
(52, 'CUBA', '053'),
(53, 'DINAMARCA', '045'),
(54, 'DOMINICA', '001'),
(55, 'ECUADOR', '593'),
(56, 'EGIPTO', '020'),
(57, 'EL SALVADOR', '503'),
(58, 'EMIRATOS ÁRABES UNIDOS', '971'),
(59, 'ERITREA', '291'),
(60, 'ESLOVAQUIA', '421'),
(61, 'ESLOVENIA', '386'),
(62, 'ESPAÑA', '034'),
(63, 'ESTADOS UNIDOS', '001'),
(64, 'ESTONIA', '372'),
(65, 'ETIOPÍA', '251'),
(66, 'FILIPINAS', '063'),
(67, 'FINLANDIA', '358'),
(68, 'FIYI', '679'),
(69, 'FRANCIA', '033'),
(70, 'GABÓN', '241'),
(71, 'GAMBIA', '220'),
(72, 'GEORGIA', '995'),
(73, 'GHANA', '233'),
(74, 'GRANADA', '001'),
(75, 'GRECIA', '030'),
(76, 'GUATEMALA', '502'),
(77, 'GUINEA', '224'),
(78, 'GUINEA ECUATORIAL', '240'),
(79, 'GUINEA-BISSAU', '245'),
(80, 'GUYANA', '592'),
(81, 'HAITÍ', '509'),
(82, 'HONDURAS', '504'),
(83, 'HUNGRÍA', '036'),
(84, 'INDIA', '091'),
(85, 'INDONESIA', '062'),
(86, 'IRÁN', '098'),
(87, 'IRAQ', '964'),
(88, 'IRLANDA', '353'),
(89, 'ISLANDIA', '354'),
(90, 'ISLAS MARSHALL', '692'),
(91, 'ISLAS SALOMÓN', '677'),
(92, 'ISRAEL', '972'),
(93, 'ITALIA', '039'),
(94, 'JAMAICA', '001'),
(95, 'JAPÓN', '081'),
(96, 'JORDANIA', '962'),
(97, 'KAZAJSTÁN', '007'),
(98, 'KENIA', '254'),
(99, 'KIRGUISTÁN', '996'),
(100, 'KIRIBATI', '686'),
(101, 'KUWAIT', '965'),
(102, 'LAOS', '856'),
(103, 'LESOTO', '266'),
(104, 'LETONIA', '371'),
(105, 'LÍBANO', '961'),
(106, 'LIBERIA', '231'),
(107, 'LIBIA', '218'),
(108, 'LIECHTENSTEIN', '423'),
(109, 'LITUANIA', '370'),
(110, 'LUXEMBURGO', '352'),
(111, 'MACEDONIA', '389'),
(112, 'MADAGASCAR', '261'),
(113, 'MALASIA', '060'),
(114, 'MALAWI', '265'),
(115, 'MALDIVAS', '260'),
(116, 'MALÍ', '223'),
(117, 'MALTA', '256'),
(118, 'MARRUECOS', '212'),
(119, 'MAURICIO', '230'),
(120, 'MAURITANIA', '222'),
(121, 'MÉXICO', '052'),
(122, 'MICRONESIA', '691'),
(123, 'MOLDOVA', '373'),
(124, 'MÓNACO', '377'),
(125, 'MONGOLIA', '976'),
(126, 'MONTENEGRO', '382'),
(127, 'MOZAMBIQUE', '258'),
(128, 'MYANMAR', '095'),
(129, '', '000'),
(130, '', '000'),
(131, '', '000'),
(132, '', '000'),
(133, 'NAMIBIA', '264'),
(134, 'NAURU', '674'),
(135, 'NEPAL', '977'),
(136, 'NICARAGUA', '505'),
(137, 'NÍGER', '227'),
(138, 'NIGERIA', '234'),
(139, 'NORUEGA', '047'),
(140, 'NUEVA ZELANDA', '064'),
(141, 'OMÁN', '968'),
(142, 'PAÍSES BAJOS', '031'),
(143, 'PAKISTÁN', '092'),
(144, 'PALAU', '680'),
(145, 'PANAMÁ', '507'),
(146, 'PAPÚA NUEVA GUINEA', '675'),
(147, '', '000'),
(148, '', '000'),
(149, 'PARAGUAY', '595'),
(150, 'PERÚ', '051'),
(151, 'POLONIA', '048'),
(152, 'PORTUGAL', '351'),
(153, 'QATAR', '974'),
(154, 'REINO UNIDO', '044'),
(155, 'REPÚBLICA CENTROAFRICANA', '236'),
(156, 'REPÚBLICA CHECA', '420'),
(157, 'REPÚBLICA DEL CONGO', '242'),
(158, 'REPÚBLICA DEMOCRÁTICA DEL CONGO', '243'),
(159, 'REPÚBLICA DOMINICANA', '001'),
(160, 'RUANDA', '250'),
(161, 'RUMANIA', '040'),
(162, 'RUSIA', '007'),
(163, 'SAMOA', '685'),
(164, 'SAN CRISTÓBAL Y NEVIS', '001'),
(165, 'SAN MARINO', '378'),
(166, 'SAN VICENTE Y LAS GRANADINAS', '001'),
(167, 'SANTA LUCÍA', '001'),
(168, 'SANTO TOMÉ Y PRÍNCIPE', '239'),
(169, 'SENEGAL', '221'),
(170, 'SERBIA', '381'),
(171, 'SEYCHELLES', '248'),
(172, 'SIERRA LEONA', '232'),
(173, 'SINGAPUR', '065'),
(174, 'SIRIA', '963'),
(175, 'SOMALIA', '252'),
(176, 'SRI LANKA', '094'),
(177, 'SUAZILANDIA', '268'),
(178, 'SUDÁFRICA', '027'),
(179, 'SUDÁN', '249'),
(180, 'SUECIA', '046'),
(181, 'SUIZA', '041'),
(182, 'SURINAM', '597'),
(183, 'TAILANDIA', '066'),
(184, 'TAIWÁN', '886'),
(185, 'TANZANIA', '255'),
(186, 'TAYIKISTÁN', '992'),
(187, 'TIMOR ORIENTAL', '670'),
(188, 'TOGO', '228'),
(189, 'TONGA', '676'),
(190, 'TRINIDAD Y TOBAGO', '001'),
(191, 'TÚNEZ', '216'),
(192, 'TURKMENISTÁN', '993'),
(193, 'TURQUÍA', '090'),
(194, 'TUVALU', '688'),
(195, 'UCRANIA', '380'),
(196, 'UGANDA', '256'),
(197, 'URUGUAY', '598'),
(198, 'UZBEKISTÁN', '998'),
(199, 'VANUATU', '678'),
(200, 'VATICANO', '379'),
(201, 'VENEZUELA', '058'),
(202, 'VIETNAM', '084'),
(203, 'YEMEN', '967'),
(204, 'YIBUTI', '253'),
(205, 'ZAMBIA', '260'),
(206, 'ZIMBABUE', '263');

-- --------------------------------------------------------

--
-- Estructura de tabla para la tabla `tb_pasaje`
--

CREATE TABLE IF NOT EXISTS `tb_pasaje` (
  `id_pasaje` int(11) NOT NULL AUTO_INCREMENT,
  `id_cliente` int(11) NOT NULL,
  `id_vuelo` int(11) NOT NULL,
  `ind_clase` char(1) NOT NULL COMMENT '1=Primera clase\n2=Ejecutiva\n3=Económica',
  `num_asiento_alfa` char(1) NOT NULL COMMENT '1=A\n2=B\n3=C\n4=D\n5=E\n6=F',
  `num_asiento` int(11) NOT NULL,
  `des_telef_trabajo` varchar(15) DEFAULT NULL,
  `des_telef_fijo` varchar(15) DEFAULT NULL,
  `des_telef_celular` varchar(15) DEFAULT NULL,
  `id_pais` int(11) NOT NULL,
  PRIMARY KEY (`id_pasaje`),
  KEY `fk_tb_pasaje_tb_cliente_idx` (`id_cliente`),
  KEY `fk_tb_pasaje_tb_vuelo1_idx` (`id_vuelo`),
  KEY `fk_tb_pasaje_tb_pais1_idx` (`id_pais`)
) ENGINE=InnoDB DEFAULT CHARSET=utf8 AUTO_INCREMENT=1 ;

-- --------------------------------------------------------

--
-- Estructura de tabla para la tabla `tb_vuelo`
--

CREATE TABLE IF NOT EXISTS `tb_vuelo` (
  `id_vuelo` int(11) NOT NULL,
  `id_compañia` int(11) NOT NULL,
  `id_itinerario` int(11) NOT NULL,
  `ind_capacidad` int(11) NOT NULL,
  `des_modelo_avion` varchar(50) NOT NULL,
  `num_vuelo` char(6) NOT NULL,
  `num_precio` decimal(7,2) NOT NULL,
  PRIMARY KEY (`id_vuelo`),
  KEY `fk_tb_vuelo_tb_compañia1_idx` (`id_compañia`),
  KEY `fk_tb_vuelo_tb_itinerario1_idx` (`id_itinerario`)
) ENGINE=InnoDB DEFAULT CHARSET=utf8;

--
-- Volcado de datos para la tabla `tb_vuelo`
--

INSERT INTO `tb_vuelo` (`id_vuelo`, `id_compañia`, `id_itinerario`, `ind_capacidad`, `des_modelo_avion`, `num_vuelo`, `num_precio`) VALUES
(6, 1, 6, 313, 'BOEING 787-9', 'LA2141', '123.00'),
(7, 1, 7, 313, 'BOEING 787-9', 'LA2151', '135.00'),
(8, 1, 8, 313, 'BOEING 787-9', 'LA2109', '184.00'),
(9, 1, 9, 313, 'BOEING 787-9', 'LA2103', '82.00'),
(10, 1, 10, 313, 'BOEING 787-9', 'LA2005', '176.00'),
(11, 1, 11, 313, 'BOEING 787-9', 'LA2126', '213.00'),
(12, 1, 12, 313, 'BOEING 787-9', 'LA2116', '104.00'),
(13, 1, 13, 313, 'BOEING 787-9', 'LA2124', '104.00'),
(14, 1, 14, 313, 'BOEING 787-9', 'LA2142', '134.00'),
(15, 1, 15, 313, 'BOEING 787-9', 'LA2140', '217.00'),
(16, 1, 16, 313, 'BOEING 787-9', 'LA2150', '186.00'),
(17, 1, 17, 313, 'BOEING 787-9', 'LA2102', '184.00'),
(18, 1, 18, 313, 'BOEING 787-9', 'LA2094', '103.00'),
(19, 1, 19, 313, 'BOEING 787-9', 'LA2004', '149.00'),
(20, 1, 20, 313, 'BOEING 787-9', 'LA2061', '82.00'),
(21, 1, 21, 247, 'BOEING 787-8', 'LA2181', '127.00'),
(22, 1, 22, 247, 'BOEING 787-8', 'LA2180', '159.00'),
(23, 1, 23, 247, 'BOEING 787-8', 'LA2182', '194.00'),
(24, 1, 24, 238, 'BOEING 767', 'LA2292', '140.00'),
(25, 1, 25, 238, 'BOEING 767', 'LA2296', '89.00'),
(26, 1, 26, 238, 'BOEING 767', 'LA2294', '198.00'),
(27, 1, 27, 238, 'BOEING 767', 'LA2293', '177.00'),
(28, 1, 28, 238, 'BOEING 767', 'LA2297', '212.00'),
(29, 1, 29, 238, 'BOEING 767', 'LA2295', '184.00'),
(30, 1, 30, 220, 'AIRBUS 321', 'LA2003', '203.00'),
(31, 1, 31, 220, 'AIRBUS 321', 'LA2025', '123.00'),
(32, 1, 32, 220, 'AIRBUS 321', 'LA2005', '89.00'),
(33, 1, 33, 220, 'AIRBUS 321', 'LA2011', '107.00'),
(34, 1, 34, 220, 'AIRBUS 321', 'LA2023', '103.00'),
(35, 1, 35, 220, 'AIRBUS 321', 'LA2123', '115.00'),
(36, 1, 36, 220, 'AIRBUS 321', 'LA2047', '128.00'),
(37, 1, 37, 220, 'AIRBUS 321', 'LA2075', '132.00'),
(38, 1, 38, 220, 'AIRBUS 321', 'LA2027', '102.00'),
(39, 1, 39, 220, 'AIRBUS 321', 'LA2021', '160.00'),
(40, 1, 40, 220, 'AIRBUS 321', 'LA2041', '220.00'),
(41, 1, 41, 220, 'AIRBUS 321', 'LA2031', '163.00'),
(42, 1, 42, 220, 'AIRBUS 321', 'LA2035', '200.00'),
(43, 1, 43, 220, 'AIRBUS 321', 'LA2043', '137.00'),
(44, 1, 44, 220, 'AIRBUS 321', 'LA2063', '190.00'),
(45, 1, 45, 220, 'AIRBUS 321', 'LA2067', '98.00'),
(46, 1, 46, 220, 'AIRBUS 321', 'LA2002', '140.00'),
(47, 1, 47, 220, 'AIRBUS 321', 'LA2010', '151.00'),
(48, 1, 48, 220, 'AIRBUS 321', 'LA2022', '160.00'),
(49, 1, 49, 220, 'AIRBUS 321', 'LA2004', '116.00'),
(50, 1, 50, 220, 'AIRBUS 321', 'LA2061', '133.00'),
(51, 1, 51, 220, 'AIRBUS 321', 'LA2046', '219.00'),
(52, 1, 52, 220, 'AIRBUS 321', 'LA2020', '139.00'),
(53, 1, 53, 174, 'AIRBUS 320', 'LA2272', '86.00'),
(54, 1, 54, 174, 'AIRBUS 320', 'LA2276', '140.00'),
(55, 1, 55, 174, 'AIRBUS 320', 'LA2278', '192.00'),
(56, 1, 56, 174, 'AIRBUS 320', 'LA2273', '171.00'),
(57, 1, 57, 174, 'AIRBUS 320', 'LA2275', '89.00'),
(58, 1, 58, 174, 'AIRBUS 320', 'LA2277', '145.00'),
(59, 1, 59, 174, 'AIRBUS 320', 'LA2374', '215.00'),
(60, 1, 60, 174, 'AIRBUS 320', 'LA2380', '131.00'),
(61, 1, 61, 174, 'AIRBUS 320', 'LA2382', '157.00'),
(62, 1, 62, 174, 'AIRBUS 320', 'LA2376', '123.00'),
(63, 1, 63, 174, 'AIRBUS 320', 'LA2378', '207.00'),
(64, 1, 64, 144, 'AIRBUS 319', 'LA2375', '164.00'),
(65, 1, 65, 144, 'AIRBUS 319', 'LA2381', '105.00'),
(66, 1, 66, 144, 'AIRBUS 319', 'LA2383', '131.00'),
(67, 1, 67, 144, 'AIRBUS 319', 'LA2089', '100.00'),
(68, 1, 68, 144, 'AIRBUS 319', 'LA2097', '193.00'),
(69, 1, 69, 144, 'AIRBUS 319', 'LA2093', '153.00'),
(70, 1, 70, 144, 'AIRBUS 319', 'LA2123', '108.00'),
(71, 1, 71, 144, 'AIRBUS 319', 'LA2023', '186.00'),
(72, 1, 72, 144, 'AIRBUS 319', 'LA2088', '110.00'),
(73, 1, 73, 144, 'AIRBUS 319', 'LA2096', '109.00'),
(74, 1, 74, 144, 'AIRBUS 319', 'LA2092', '166.00'),
(75, 1, 75, 313, 'BOEING 787-9', 'LA2324', '196.00'),
(76, 1, 76, 313, 'BOEING 787-9', 'LA2302', '204.00'),
(77, 1, 77, 313, 'BOEING 787-9', 'LA2312', '177.00'),
(78, 1, 78, 313, 'BOEING 787-9', 'LA2306', '118.00'),
(79, 1, 79, 313, 'BOEING 787-9', 'LA2308', '179.00'),
(80, 1, 80, 313, 'BOEING 787-9', 'LA2310', '190.00'),
(81, 1, 81, 313, 'BOEING 787-9', 'LA2304', '116.00'),
(82, 1, 82, 313, 'BOEING 787-9', 'LA2325', '124.00'),
(83, 1, 83, 313, 'BOEING 787-9', 'LA2303', '112.00'),
(84, 1, 84, 313, 'BOEING 787-9', 'LA2313', '120.00'),
(85, 1, 85, 313, 'BOEING 787-9', 'LA2309', '105.00'),
(86, 1, 86, 313, 'BOEING 787-9', 'LA2311', '204.00'),
(87, 1, 87, 313, 'BOEING 787-9', 'LA2305', '143.00'),
(88, 1, 88, 247, 'BOEING 787-8', 'LA2202', '122.00'),
(89, 1, 89, 247, 'BOEING 787-8', 'LA2208', '128.00'),
(90, 1, 90, 247, 'BOEING 787-8', 'LA2206', '129.00'),
(91, 1, 91, 247, 'BOEING 787-8', 'LA2204', '167.00'),
(92, 1, 92, 247, 'BOEING 787-8', 'LA2210', '144.00'),
(93, 1, 93, 247, 'BOEING 787-8', 'LA2203', '214.00'),
(94, 1, 94, 247, 'BOEING 787-8', 'LA2209', '165.00'),
(95, 1, 95, 247, 'BOEING 787-8', 'LA2207', '135.00'),
(96, 1, 96, 247, 'BOEING 787-8', 'LA2205', '121.00'),
(97, 1, 97, 247, 'BOEING 787-8', 'LA2330', '168.00'),
(98, 1, 98, 247, 'BOEING 787-8', 'LA2334', '151.00'),
(99, 1, 99, 247, 'BOEING 787-8', 'LA2331', '97.00'),
(100, 1, 100, 247, 'BOEING 787-8', 'LA2335', '201.00'),
(101, 1, 101, 313, 'BOEING 787-9', 'LA2127', '162.00'),
(102, 1, 102, 313, 'BOEING 787-9', 'LA2117', '130.00'),
(103, 1, 103, 313, 'BOEING 787-9', 'LA2125', '89.00'),
(104, 1, 104, 313, 'BOEING 787-9', 'LA2105', '113.00'),
(105, 1, 105, 313, 'BOEING 787-9', 'LA2143', '115.00'),
(106, 1, 106, 313, 'BOEING 787-9', 'LA2141', '89.00'),
(107, 1, 107, 313, 'BOEING 787-9', 'LA2151', '219.00'),
(108, 1, 108, 313, 'BOEING 787-9', 'LA2109', '99.00'),
(109, 1, 109, 313, 'BOEING 787-9', 'LA2103', '182.00'),
(110, 1, 110, 313, 'BOEING 787-9', 'LA2005', '98.00'),
(111, 1, 111, 313, 'BOEING 787-9', 'LA2126', '133.00'),
(112, 1, 112, 313, 'BOEING 787-9', 'LA2116', '131.00'),
(113, 1, 113, 313, 'BOEING 787-9', 'LA2124', '161.00'),
(114, 1, 114, 313, 'BOEING 787-9', 'LA2142', '118.00'),
(115, 1, 115, 313, 'BOEING 787-9', 'LA2140', '169.00'),
(116, 1, 116, 313, 'BOEING 787-9', 'LA2150', '219.00'),
(117, 1, 117, 313, 'BOEING 787-9', 'LA2102', '201.00'),
(118, 1, 118, 313, 'BOEING 787-9', 'LA2094', '218.00'),
(119, 1, 119, 313, 'BOEING 787-9', 'LA2004', '132.00'),
(120, 1, 120, 313, 'BOEING 787-9', 'LA2061', '148.00'),
(121, 1, 121, 247, 'BOEING 787-8', 'LA2181', '150.00'),
(122, 1, 122, 247, 'BOEING 787-8', 'LA2180', '224.00'),
(123, 1, 123, 247, 'BOEING 787-8', 'LA2182', '141.00'),
(124, 1, 124, 238, 'BOEING 767', 'LA2292', '193.00'),
(125, 1, 125, 238, 'BOEING 767', 'LA2296', '174.00'),
(126, 1, 126, 238, 'BOEING 767', 'LA2294', '138.00'),
(127, 1, 127, 238, 'BOEING 767', 'LA2293', '82.00'),
(128, 1, 128, 238, 'BOEING 767', 'LA2297', '117.00'),
(129, 1, 129, 238, 'BOEING 767', 'LA2295', '99.00'),
(130, 1, 130, 220, 'AIRBUS 321', 'LA2003', '210.00'),
(131, 1, 131, 220, 'AIRBUS 321', 'LA2025', '179.00'),
(132, 1, 132, 220, 'AIRBUS 321', 'LA2005', '195.00'),
(133, 1, 133, 220, 'AIRBUS 321', 'LA2011', '152.00'),
(134, 1, 134, 220, 'AIRBUS 321', 'LA2023', '140.00'),
(135, 1, 135, 220, 'AIRBUS 321', 'LA2123', '194.00'),
(136, 1, 136, 220, 'AIRBUS 321', 'LA2047', '206.00'),
(137, 1, 137, 220, 'AIRBUS 321', 'LA2075', '119.00'),
(138, 1, 138, 220, 'AIRBUS 321', 'LA2027', '82.00'),
(139, 1, 139, 220, 'AIRBUS 321', 'LA2021', '145.00'),
(140, 1, 140, 220, 'AIRBUS 321', 'LA2041', '156.00'),
(141, 1, 141, 220, 'AIRBUS 321', 'LA2031', '129.00'),
(142, 1, 142, 220, 'AIRBUS 321', 'LA2035', '203.00'),
(143, 1, 143, 220, 'AIRBUS 321', 'LA2043', '117.00'),
(144, 1, 144, 220, 'AIRBUS 321', 'LA2063', '177.00'),
(145, 1, 145, 220, 'AIRBUS 321', 'LA2067', '213.00'),
(146, 1, 146, 220, 'AIRBUS 321', 'LA2002', '179.00'),
(147, 1, 147, 220, 'AIRBUS 321', 'LA2010', '112.00'),
(148, 1, 148, 220, 'AIRBUS 321', 'LA2022', '151.00'),
(149, 1, 149, 220, 'AIRBUS 321', 'LA2004', '204.00'),
(150, 1, 150, 220, 'AIRBUS 321', 'LA2061', '146.00'),
(151, 1, 151, 220, 'AIRBUS 321', 'LA2046', '99.00'),
(152, 1, 152, 220, 'AIRBUS 321', 'LA2020', '177.00'),
(153, 1, 153, 174, 'AIRBUS 320', 'LA2272', '216.00'),
(154, 1, 154, 174, 'AIRBUS 320', 'LA2276', '82.00'),
(155, 1, 155, 174, 'AIRBUS 320', 'LA2278', '83.00'),
(156, 1, 156, 174, 'AIRBUS 320', 'LA2273', '94.00'),
(157, 1, 157, 174, 'AIRBUS 320', 'LA2275', '196.00'),
(158, 1, 158, 174, 'AIRBUS 320', 'LA2277', '205.00'),
(159, 1, 159, 174, 'AIRBUS 320', 'LA2374', '206.00'),
(160, 1, 160, 174, 'AIRBUS 320', 'LA2380', '82.00'),
(161, 1, 161, 174, 'AIRBUS 320', 'LA2382', '209.00'),
(162, 1, 162, 174, 'AIRBUS 320', 'LA2376', '155.00'),
(163, 1, 163, 174, 'AIRBUS 320', 'LA2378', '152.00'),
(164, 1, 164, 144, 'AIRBUS 319', 'LA2375', '191.00'),
(165, 1, 165, 144, 'AIRBUS 319', 'LA2381', '159.00'),
(166, 1, 166, 144, 'AIRBUS 319', 'LA2383', '223.00'),
(167, 1, 167, 144, 'AIRBUS 319', 'LA2089', '140.00'),
(168, 1, 168, 144, 'AIRBUS 319', 'LA2097', '94.00'),
(169, 1, 169, 144, 'AIRBUS 319', 'LA2093', '190.00'),
(170, 1, 170, 144, 'AIRBUS 319', 'LA2123', '102.00'),
(171, 1, 171, 144, 'AIRBUS 319', 'LA2023', '130.00'),
(172, 1, 172, 144, 'AIRBUS 319', 'LA2088', '167.00'),
(173, 1, 173, 144, 'AIRBUS 319', 'LA2096', '113.00'),
(174, 1, 174, 144, 'AIRBUS 319', 'LA2092', '132.00'),
(175, 1, 175, 313, 'BOEING 787-9', 'LA2324', '80.00'),
(176, 1, 176, 313, 'BOEING 787-9', 'LA2302', '205.00'),
(177, 1, 177, 313, 'BOEING 787-9', 'LA2312', '219.00'),
(178, 1, 178, 313, 'BOEING 787-9', 'LA2306', '149.00'),
(179, 1, 179, 313, 'BOEING 787-9', 'LA2308', '214.00'),
(180, 1, 180, 313, 'BOEING 787-9', 'LA2310', '193.00'),
(181, 1, 181, 313, 'BOEING 787-9', 'LA2304', '118.00'),
(182, 1, 182, 313, 'BOEING 787-9', 'LA2325', '132.00'),
(183, 1, 183, 313, 'BOEING 787-9', 'LA2303', '118.00'),
(184, 1, 184, 313, 'BOEING 787-9', 'LA2313', '159.00'),
(185, 1, 185, 313, 'BOEING 787-9', 'LA2309', '213.00'),
(186, 1, 186, 313, 'BOEING 787-9', 'LA2311', '152.00'),
(187, 1, 187, 313, 'BOEING 787-9', 'LA2305', '172.00'),
(188, 1, 188, 247, 'BOEING 787-8', 'LA2202', '202.00'),
(189, 1, 189, 247, 'BOEING 787-8', 'LA2208', '181.00'),
(190, 1, 190, 247, 'BOEING 787-8', 'LA2206', '88.00'),
(191, 1, 191, 247, 'BOEING 787-8', 'LA2204', '219.00'),
(192, 1, 192, 247, 'BOEING 787-8', 'LA2210', '192.00'),
(193, 1, 193, 247, 'BOEING 787-8', 'LA2203', '214.00'),
(194, 1, 194, 247, 'BOEING 787-8', 'LA2209', '176.00'),
(195, 1, 195, 247, 'BOEING 787-8', 'LA2207', '135.00'),
(196, 1, 196, 247, 'BOEING 787-8', 'LA2205', '101.00'),
(197, 1, 197, 247, 'BOEING 787-8', 'LA2330', '137.00'),
(198, 1, 198, 247, 'BOEING 787-8', 'LA2334', '159.00'),
(199, 1, 199, 247, 'BOEING 787-8', 'LA2331', '208.00'),
(200, 1, 200, 247, 'BOEING 787-8', 'LA2335', '205.00'),
(201, 1, 201, 313, 'BOEING 787-9', 'LA2127', '163.00'),
(202, 1, 202, 313, 'BOEING 787-9', 'LA2117', '185.00'),
(203, 1, 203, 313, 'BOEING 787-9', 'LA2125', '146.00'),
(204, 1, 204, 313, 'BOEING 787-9', 'LA2105', '211.00'),
(205, 1, 205, 313, 'BOEING 787-9', 'LA2143', '80.00'),
(206, 1, 206, 313, 'BOEING 787-9', 'LA2141', '214.00'),
(207, 1, 207, 313, 'BOEING 787-9', 'LA2151', '197.00'),
(208, 1, 208, 313, 'BOEING 787-9', 'LA2109', '147.00'),
(209, 1, 209, 313, 'BOEING 787-9', 'LA2103', '115.00'),
(210, 1, 210, 313, 'BOEING 787-9', 'LA2005', '147.00'),
(211, 1, 211, 313, 'BOEING 787-9', 'LA2126', '163.00'),
(212, 1, 212, 313, 'BOEING 787-9', 'LA2116', '86.00'),
(213, 1, 213, 313, 'BOEING 787-9', 'LA2124', '129.00'),
(214, 1, 214, 313, 'BOEING 787-9', 'LA2142', '167.00'),
(215, 1, 215, 313, 'BOEING 787-9', 'LA2140', '87.00'),
(216, 1, 216, 313, 'BOEING 787-9', 'LA2150', '207.00'),
(217, 1, 217, 313, 'BOEING 787-9', 'LA2102', '124.00'),
(218, 1, 218, 313, 'BOEING 787-9', 'LA2094', '146.00'),
(219, 1, 219, 313, 'BOEING 787-9', 'LA2004', '211.00'),
(220, 1, 220, 313, 'BOEING 787-9', 'LA2061', '135.00'),
(221, 1, 221, 247, 'BOEING 787-8', 'LA2181', '124.00'),
(222, 1, 222, 247, 'BOEING 787-8', 'LA2180', '136.00'),
(223, 1, 223, 247, 'BOEING 787-8', 'LA2182', '182.00'),
(224, 1, 224, 238, 'BOEING 767', 'LA2292', '206.00'),
(225, 1, 225, 238, 'BOEING 767', 'LA2296', '167.00'),
(226, 1, 226, 238, 'BOEING 767', 'LA2294', '209.00'),
(227, 1, 227, 238, 'BOEING 767', 'LA2293', '101.00'),
(228, 1, 228, 238, 'BOEING 767', 'LA2297', '94.00'),
(229, 1, 229, 238, 'BOEING 767', 'LA2295', '136.00'),
(230, 1, 230, 220, 'AIRBUS 321', 'LA2003', '163.00'),
(231, 1, 231, 220, 'AIRBUS 321', 'LA2025', '101.00'),
(232, 1, 232, 220, 'AIRBUS 321', 'LA2005', '137.00'),
(233, 1, 233, 220, 'AIRBUS 321', 'LA2011', '127.00'),
(234, 1, 234, 220, 'AIRBUS 321', 'LA2023', '192.00'),
(235, 1, 235, 220, 'AIRBUS 321', 'LA2123', '169.00'),
(236, 1, 236, 220, 'AIRBUS 321', 'LA2047', '124.00'),
(237, 1, 237, 220, 'AIRBUS 321', 'LA2075', '79.00'),
(238, 1, 238, 220, 'AIRBUS 321', 'LA2027', '118.00'),
(239, 1, 239, 220, 'AIRBUS 321', 'LA2021', '132.00'),
(240, 1, 240, 220, 'AIRBUS 321', 'LA2041', '88.00'),
(241, 1, 241, 220, 'AIRBUS 321', 'LA2031', '118.00'),
(242, 1, 242, 220, 'AIRBUS 321', 'LA2035', '191.00'),
(243, 1, 243, 220, 'AIRBUS 321', 'LA2043', '215.00'),
(244, 1, 244, 220, 'AIRBUS 321', 'LA2063', '207.00'),
(245, 1, 245, 220, 'AIRBUS 321', 'LA2067', '154.00'),
(246, 1, 246, 220, 'AIRBUS 321', 'LA2002', '142.00'),
(247, 1, 247, 220, 'AIRBUS 321', 'LA2010', '162.00'),
(248, 1, 248, 220, 'AIRBUS 321', 'LA2022', '195.00'),
(249, 1, 249, 220, 'AIRBUS 321', 'LA2004', '173.00'),
(250, 1, 250, 220, 'AIRBUS 321', 'LA2061', '171.00'),
(251, 1, 251, 220, 'AIRBUS 321', 'LA2046', '136.00'),
(252, 1, 252, 220, 'AIRBUS 321', 'LA2020', '169.00'),
(253, 1, 253, 174, 'AIRBUS 320', 'LA2272', '127.00'),
(254, 1, 254, 174, 'AIRBUS 320', 'LA2276', '217.00'),
(255, 1, 255, 174, 'AIRBUS 320', 'LA2278', '166.00'),
(256, 1, 256, 174, 'AIRBUS 320', 'LA2273', '156.00'),
(257, 1, 257, 174, 'AIRBUS 320', 'LA2275', '149.00'),
(258, 1, 258, 174, 'AIRBUS 320', 'LA2277', '134.00'),
(259, 1, 259, 174, 'AIRBUS 320', 'LA2374', '142.00'),
(260, 1, 260, 174, 'AIRBUS 320', 'LA2380', '208.00'),
(261, 1, 261, 174, 'AIRBUS 320', 'LA2382', '102.00'),
(262, 1, 262, 174, 'AIRBUS 320', 'LA2376', '91.00'),
(263, 1, 263, 174, 'AIRBUS 320', 'LA2378', '103.00'),
(264, 1, 264, 144, 'AIRBUS 319', 'LA2375', '88.00'),
(265, 1, 265, 144, 'AIRBUS 319', 'LA2381', '220.00'),
(266, 1, 266, 144, 'AIRBUS 319', 'LA2383', '95.00'),
(267, 1, 267, 144, 'AIRBUS 319', 'LA2089', '165.00'),
(268, 1, 268, 144, 'AIRBUS 319', 'LA2097', '123.00'),
(269, 1, 269, 144, 'AIRBUS 319', 'LA2093', '192.00'),
(270, 1, 270, 144, 'AIRBUS 319', 'LA2123', '115.00'),
(271, 1, 271, 144, 'AIRBUS 319', 'LA2023', '220.00'),
(272, 1, 272, 144, 'AIRBUS 319', 'LA2088', '154.00'),
(273, 1, 273, 144, 'AIRBUS 319', 'LA2096', '202.00'),
(274, 1, 274, 144, 'AIRBUS 319', 'LA2092', '106.00'),
(275, 1, 275, 313, 'BOEING 787-9', 'LA2324', '91.00'),
(276, 1, 276, 313, 'BOEING 787-9', 'LA2302', '142.00'),
(277, 1, 277, 313, 'BOEING 787-9', 'LA2312', '165.00'),
(278, 1, 278, 313, 'BOEING 787-9', 'LA2306', '170.00'),
(279, 1, 279, 313, 'BOEING 787-9', 'LA2308', '110.00'),
(280, 1, 280, 313, 'BOEING 787-9', 'LA2310', '177.00'),
(281, 1, 281, 313, 'BOEING 787-9', 'LA2304', '95.00'),
(282, 1, 282, 313, 'BOEING 787-9', 'LA2325', '188.00'),
(283, 1, 283, 313, 'BOEING 787-9', 'LA2303', '124.00'),
(284, 1, 284, 313, 'BOEING 787-9', 'LA2313', '162.00'),
(285, 1, 285, 313, 'BOEING 787-9', 'LA2309', '207.00'),
(286, 1, 286, 313, 'BOEING 787-9', 'LA2311', '169.00'),
(287, 1, 287, 313, 'BOEING 787-9', 'LA2305', '79.00'),
(288, 1, 288, 247, 'BOEING 787-8', 'LA2202', '211.00'),
(289, 1, 289, 247, 'BOEING 787-8', 'LA2208', '187.00'),
(290, 1, 290, 247, 'BOEING 787-8', 'LA2206', '208.00'),
(291, 1, 291, 247, 'BOEING 787-8', 'LA2204', '218.00'),
(292, 1, 292, 247, 'BOEING 787-8', 'LA2210', '224.00'),
(293, 1, 293, 247, 'BOEING 787-8', 'LA2203', '90.00'),
(294, 1, 294, 247, 'BOEING 787-8', 'LA2209', '100.00'),
(295, 1, 295, 247, 'BOEING 787-8', 'LA2207', '116.00'),
(296, 1, 296, 247, 'BOEING 787-8', 'LA2205', '175.00'),
(297, 1, 297, 247, 'BOEING 787-8', 'LA2330', '150.00'),
(298, 1, 298, 247, 'BOEING 787-8', 'LA2334', '131.00'),
(299, 1, 299, 247, 'BOEING 787-8', 'LA2331', '195.00'),
(300, 1, 300, 247, 'BOEING 787-8', 'LA2335', '111.00'),
(301, 1, 301, 313, 'BOEING 787-9', 'LA2127', '84.00'),
(302, 1, 302, 313, 'BOEING 787-9', 'LA2117', '202.00'),
(303, 1, 303, 313, 'BOEING 787-9', 'LA2125', '141.00'),
(304, 1, 304, 313, 'BOEING 787-9', 'LA2105', '177.00'),
(305, 1, 305, 313, 'BOEING 787-9', 'LA2143', '124.00'),
(306, 1, 306, 313, 'BOEING 787-9', 'LA2141', '176.00'),
(307, 1, 307, 313, 'BOEING 787-9', 'LA2151', '166.00'),
(308, 1, 308, 313, 'BOEING 787-9', 'LA2109', '97.00'),
(309, 1, 309, 313, 'BOEING 787-9', 'LA2103', '157.00'),
(310, 1, 310, 313, 'BOEING 787-9', 'LA2005', '189.00'),
(311, 1, 311, 313, 'BOEING 787-9', 'LA2126', '93.00'),
(312, 1, 312, 313, 'BOEING 787-9', 'LA2116', '219.00'),
(313, 1, 313, 313, 'BOEING 787-9', 'LA2124', '217.00'),
(314, 1, 314, 313, 'BOEING 787-9', 'LA2142', '111.00'),
(315, 1, 315, 313, 'BOEING 787-9', 'LA2140', '100.00'),
(316, 1, 316, 313, 'BOEING 787-9', 'LA2150', '220.00'),
(317, 1, 317, 313, 'BOEING 787-9', 'LA2102', '165.00'),
(318, 1, 318, 313, 'BOEING 787-9', 'LA2094', '121.00'),
(319, 1, 319, 313, 'BOEING 787-9', 'LA2004', '107.00'),
(320, 1, 320, 313, 'BOEING 787-9', 'LA2061', '177.00'),
(321, 1, 321, 247, 'BOEING 787-8', 'LA2181', '79.00'),
(322, 1, 322, 247, 'BOEING 787-8', 'LA2180', '139.00'),
(323, 1, 323, 247, 'BOEING 787-8', 'LA2182', '181.00'),
(324, 1, 324, 238, 'BOEING 767', 'LA2292', '89.00'),
(325, 1, 325, 238, 'BOEING 767', 'LA2296', '134.00'),
(326, 1, 326, 238, 'BOEING 767', 'LA2294', '163.00'),
(327, 1, 327, 238, 'BOEING 767', 'LA2293', '150.00'),
(328, 1, 328, 238, 'BOEING 767', 'LA2297', '128.00'),
(329, 1, 329, 238, 'BOEING 767', 'LA2295', '198.00'),
(330, 1, 330, 220, 'AIRBUS 321', 'LA2003', '148.00'),
(331, 1, 331, 220, 'AIRBUS 321', 'LA2025', '87.00'),
(332, 1, 332, 220, 'AIRBUS 321', 'LA2005', '157.00'),
(333, 1, 333, 220, 'AIRBUS 321', 'LA2011', '186.00'),
(334, 1, 334, 220, 'AIRBUS 321', 'LA2023', '180.00'),
(335, 1, 335, 220, 'AIRBUS 321', 'LA2123', '98.00'),
(336, 1, 336, 220, 'AIRBUS 321', 'LA2047', '214.00'),
(337, 1, 337, 220, 'AIRBUS 321', 'LA2075', '100.00'),
(338, 1, 338, 220, 'AIRBUS 321', 'LA2027', '144.00'),
(339, 1, 339, 220, 'AIRBUS 321', 'LA2021', '178.00'),
(340, 1, 340, 220, 'AIRBUS 321', 'LA2041', '211.00'),
(341, 1, 341, 220, 'AIRBUS 321', 'LA2031', '174.00'),
(342, 1, 342, 220, 'AIRBUS 321', 'LA2035', '224.00'),
(343, 1, 343, 220, 'AIRBUS 321', 'LA2043', '152.00'),
(344, 1, 344, 220, 'AIRBUS 321', 'LA2063', '159.00'),
(345, 1, 345, 220, 'AIRBUS 321', 'LA2067', '175.00'),
(346, 1, 346, 220, 'AIRBUS 321', 'LA2002', '122.00'),
(347, 1, 347, 220, 'AIRBUS 321', 'LA2010', '82.00'),
(348, 1, 348, 220, 'AIRBUS 321', 'LA2022', '151.00'),
(349, 1, 349, 220, 'AIRBUS 321', 'LA2004', '107.00'),
(350, 1, 350, 220, 'AIRBUS 321', 'LA2061', '119.00'),
(351, 1, 351, 220, 'AIRBUS 321', 'LA2046', '166.00'),
(352, 1, 352, 220, 'AIRBUS 321', 'LA2020', '114.00'),
(353, 1, 353, 174, 'AIRBUS 320', 'LA2272', '123.00'),
(354, 1, 354, 174, 'AIRBUS 320', 'LA2276', '107.00'),
(355, 1, 355, 174, 'AIRBUS 320', 'LA2278', '141.00'),
(356, 1, 356, 174, 'AIRBUS 320', 'LA2273', '160.00'),
(357, 1, 357, 174, 'AIRBUS 320', 'LA2275', '213.00'),
(358, 1, 358, 174, 'AIRBUS 320', 'LA2277', '139.00'),
(359, 1, 359, 174, 'AIRBUS 320', 'LA2374', '150.00'),
(360, 1, 360, 174, 'AIRBUS 320', 'LA2380', '159.00'),
(361, 1, 361, 174, 'AIRBUS 320', 'LA2382', '175.00'),
(362, 1, 362, 174, 'AIRBUS 320', 'LA2376', '115.00'),
(363, 1, 363, 174, 'AIRBUS 320', 'LA2378', '207.00'),
(364, 1, 364, 144, 'AIRBUS 319', 'LA2375', '223.00'),
(365, 1, 365, 144, 'AIRBUS 319', 'LA2381', '207.00'),
(366, 1, 366, 144, 'AIRBUS 319', 'LA2383', '163.00'),
(367, 1, 367, 144, 'AIRBUS 319', 'LA2089', '188.00'),
(368, 1, 368, 144, 'AIRBUS 319', 'LA2097', '163.00'),
(369, 1, 369, 144, 'AIRBUS 319', 'LA2093', '183.00'),
(370, 1, 370, 144, 'AIRBUS 319', 'LA2123', '222.00'),
(371, 1, 371, 144, 'AIRBUS 319', 'LA2023', '99.00'),
(372, 1, 372, 144, 'AIRBUS 319', 'LA2088', '123.00'),
(373, 1, 373, 144, 'AIRBUS 319', 'LA2096', '220.00'),
(374, 1, 374, 144, 'AIRBUS 319', 'LA2092', '201.00'),
(375, 1, 375, 313, 'BOEING 787-9', 'LA2324', '205.00'),
(376, 1, 376, 313, 'BOEING 787-9', 'LA2302', '143.00'),
(377, 1, 377, 313, 'BOEING 787-9', 'LA2312', '145.00'),
(378, 1, 378, 313, 'BOEING 787-9', 'LA2306', '193.00'),
(379, 1, 379, 313, 'BOEING 787-9', 'LA2308', '190.00'),
(380, 1, 380, 313, 'BOEING 787-9', 'LA2310', '213.00'),
(381, 1, 381, 313, 'BOEING 787-9', 'LA2304', '219.00'),
(382, 1, 382, 313, 'BOEING 787-9', 'LA2325', '151.00'),
(383, 1, 383, 313, 'BOEING 787-9', 'LA2303', '88.00'),
(384, 1, 384, 313, 'BOEING 787-9', 'LA2313', '195.00'),
(385, 1, 385, 313, 'BOEING 787-9', 'LA2309', '156.00'),
(386, 1, 386, 313, 'BOEING 787-9', 'LA2311', '184.00'),
(387, 1, 387, 313, 'BOEING 787-9', 'LA2305', '214.00'),
(388, 1, 388, 247, 'BOEING 787-8', 'LA2202', '132.00'),
(389, 1, 389, 247, 'BOEING 787-8', 'LA2208', '200.00'),
(390, 1, 390, 247, 'BOEING 787-8', 'LA2206', '125.00'),
(391, 1, 391, 247, 'BOEING 787-8', 'LA2204', '103.00'),
(392, 1, 392, 247, 'BOEING 787-8', 'LA2210', '207.00'),
(393, 1, 393, 247, 'BOEING 787-8', 'LA2203', '103.00'),
(394, 1, 394, 247, 'BOEING 787-8', 'LA2209', '191.00'),
(395, 1, 395, 247, 'BOEING 787-8', 'LA2207', '86.00'),
(396, 1, 396, 247, 'BOEING 787-8', 'LA2205', '165.00'),
(397, 1, 397, 247, 'BOEING 787-8', 'LA2330', '91.00'),
(398, 1, 398, 247, 'BOEING 787-8', 'LA2334', '216.00'),
(399, 1, 399, 247, 'BOEING 787-8', 'LA2331', '163.00'),
(400, 1, 400, 247, 'BOEING 787-8', 'LA2335', '162.00'),
(401, 1, 401, 313, 'BOEING 787-9', 'LA2127', '200.00'),
(402, 1, 402, 313, 'BOEING 787-9', 'LA2117', '132.00'),
(403, 1, 403, 313, 'BOEING 787-9', 'LA2125', '130.00'),
(404, 1, 404, 313, 'BOEING 787-9', 'LA2105', '124.00'),
(405, 1, 405, 313, 'BOEING 787-9', 'LA2143', '172.00'),
(406, 1, 406, 313, 'BOEING 787-9', 'LA2141', '186.00'),
(407, 1, 407, 313, 'BOEING 787-9', 'LA2151', '86.00'),
(408, 1, 408, 313, 'BOEING 787-9', 'LA2109', '134.00'),
(409, 1, 409, 313, 'BOEING 787-9', 'LA2103', '169.00'),
(410, 1, 410, 313, 'BOEING 787-9', 'LA2005', '114.00'),
(411, 1, 411, 313, 'BOEING 787-9', 'LA2126', '141.00'),
(412, 1, 412, 313, 'BOEING 787-9', 'LA2116', '191.00'),
(413, 1, 413, 313, 'BOEING 787-9', 'LA2124', '189.00'),
(414, 1, 414, 313, 'BOEING 787-9', 'LA2142', '208.00'),
(415, 1, 415, 313, 'BOEING 787-9', 'LA2140', '177.00'),
(416, 1, 416, 313, 'BOEING 787-9', 'LA2150', '219.00'),
(417, 1, 417, 313, 'BOEING 787-9', 'LA2102', '144.00'),
(418, 1, 418, 313, 'BOEING 787-9', 'LA2094', '129.00'),
(419, 1, 419, 313, 'BOEING 787-9', 'LA2004', '121.00'),
(420, 1, 420, 313, 'BOEING 787-9', 'LA2061', '219.00'),
(421, 1, 421, 247, 'BOEING 787-8', 'LA2181', '95.00'),
(422, 1, 422, 247, 'BOEING 787-8', 'LA2180', '92.00'),
(423, 1, 423, 247, 'BOEING 787-8', 'LA2182', '108.00'),
(424, 1, 424, 238, 'BOEING 767', 'LA2292', '141.00'),
(425, 1, 425, 238, 'BOEING 767', 'LA2296', '214.00'),
(426, 1, 426, 238, 'BOEING 767', 'LA2294', '100.00'),
(427, 1, 427, 238, 'BOEING 767', 'LA2293', '111.00'),
(428, 1, 428, 238, 'BOEING 767', 'LA2297', '185.00'),
(429, 1, 429, 238, 'BOEING 767', 'LA2295', '173.00'),
(430, 1, 430, 220, 'AIRBUS 321', 'LA2003', '189.00'),
(431, 1, 431, 220, 'AIRBUS 321', 'LA2025', '193.00'),
(432, 1, 432, 220, 'AIRBUS 321', 'LA2005', '152.00'),
(433, 1, 433, 220, 'AIRBUS 321', 'LA2011', '139.00'),
(434, 1, 434, 220, 'AIRBUS 321', 'LA2023', '136.00'),
(435, 1, 435, 220, 'AIRBUS 321', 'LA2123', '212.00'),
(436, 1, 436, 220, 'AIRBUS 321', 'LA2047', '200.00'),
(437, 1, 437, 220, 'AIRBUS 321', 'LA2075', '162.00'),
(438, 1, 438, 220, 'AIRBUS 321', 'LA2027', '100.00'),
(439, 1, 439, 220, 'AIRBUS 321', 'LA2021', '126.00'),
(440, 1, 440, 220, 'AIRBUS 321', 'LA2041', '127.00'),
(441, 1, 441, 220, 'AIRBUS 321', 'LA2031', '98.00'),
(442, 1, 442, 220, 'AIRBUS 321', 'LA2035', '116.00'),
(443, 1, 443, 220, 'AIRBUS 321', 'LA2043', '162.00'),
(444, 1, 444, 220, 'AIRBUS 321', 'LA2063', '143.00'),
(445, 1, 445, 220, 'AIRBUS 321', 'LA2067', '157.00'),
(446, 1, 446, 220, 'AIRBUS 321', 'LA2002', '212.00'),
(447, 1, 447, 220, 'AIRBUS 321', 'LA2010', '183.00'),
(448, 1, 448, 220, 'AIRBUS 321', 'LA2022', '98.00'),
(449, 1, 449, 220, 'AIRBUS 321', 'LA2004', '166.00'),
(450, 1, 450, 220, 'AIRBUS 321', 'LA2061', '151.00'),
(451, 1, 451, 220, 'AIRBUS 321', 'LA2046', '163.00'),
(452, 1, 452, 220, 'AIRBUS 321', 'LA2020', '197.00'),
(453, 1, 453, 174, 'AIRBUS 320', 'LA2272', '93.00'),
(454, 1, 454, 174, 'AIRBUS 320', 'LA2276', '219.00'),
(455, 1, 455, 174, 'AIRBUS 320', 'LA2278', '94.00'),
(456, 1, 456, 174, 'AIRBUS 320', 'LA2273', '167.00'),
(457, 1, 457, 174, 'AIRBUS 320', 'LA2275', '105.00'),
(458, 1, 458, 174, 'AIRBUS 320', 'LA2277', '181.00'),
(459, 1, 459, 174, 'AIRBUS 320', 'LA2374', '140.00'),
(460, 1, 460, 174, 'AIRBUS 320', 'LA2380', '125.00'),
(461, 1, 461, 174, 'AIRBUS 320', 'LA2382', '148.00'),
(462, 1, 462, 174, 'AIRBUS 320', 'LA2376', '185.00'),
(463, 1, 463, 174, 'AIRBUS 320', 'LA2378', '153.00'),
(464, 1, 464, 144, 'AIRBUS 319', 'LA2375', '205.00'),
(465, 1, 465, 144, 'AIRBUS 319', 'LA2381', '200.00'),
(466, 1, 466, 144, 'AIRBUS 319', 'LA2383', '184.00'),
(467, 1, 467, 144, 'AIRBUS 319', 'LA2089', '80.00'),
(468, 1, 468, 144, 'AIRBUS 319', 'LA2097', '112.00'),
(469, 1, 469, 144, 'AIRBUS 319', 'LA2093', '154.00'),
(470, 1, 470, 144, 'AIRBUS 319', 'LA2123', '128.00'),
(471, 1, 471, 144, 'AIRBUS 319', 'LA2023', '164.00'),
(472, 1, 472, 144, 'AIRBUS 319', 'LA2088', '188.00'),
(473, 1, 473, 144, 'AIRBUS 319', 'LA2096', '105.00'),
(474, 1, 474, 144, 'AIRBUS 319', 'LA2092', '162.00'),
(475, 1, 475, 313, 'BOEING 787-9', 'LA2324', '115.00'),
(476, 1, 476, 313, 'BOEING 787-9', 'LA2302', '175.00'),
(477, 1, 477, 313, 'BOEING 787-9', 'LA2312', '193.00'),
(478, 1, 478, 313, 'BOEING 787-9', 'LA2306', '137.00'),
(479, 1, 479, 313, 'BOEING 787-9', 'LA2308', '96.00'),
(480, 1, 480, 313, 'BOEING 787-9', 'LA2310', '202.00'),
(481, 1, 481, 313, 'BOEING 787-9', 'LA2304', '137.00'),
(482, 1, 482, 313, 'BOEING 787-9', 'LA2325', '140.00'),
(483, 1, 483, 313, 'BOEING 787-9', 'LA2303', '204.00'),
(484, 1, 484, 313, 'BOEING 787-9', 'LA2313', '79.00'),
(485, 1, 485, 313, 'BOEING 787-9', 'LA2309', '83.00'),
(486, 1, 486, 313, 'BOEING 787-9', 'LA2311', '218.00'),
(487, 1, 487, 313, 'BOEING 787-9', 'LA2305', '82.00'),
(488, 1, 488, 247, 'BOEING 787-8', 'LA2202', '129.00'),
(489, 1, 489, 247, 'BOEING 787-8', 'LA2208', '130.00'),
(490, 1, 490, 247, 'BOEING 787-8', 'LA2206', '217.00'),
(491, 1, 491, 247, 'BOEING 787-8', 'LA2204', '163.00'),
(492, 1, 492, 247, 'BOEING 787-8', 'LA2210', '117.00'),
(493, 1, 493, 247, 'BOEING 787-8', 'LA2203', '174.00'),
(494, 1, 494, 247, 'BOEING 787-8', 'LA2209', '196.00'),
(495, 1, 495, 247, 'BOEING 787-8', 'LA2207', '218.00'),
(496, 1, 496, 247, 'BOEING 787-8', 'LA2205', '143.00'),
(497, 1, 497, 247, 'BOEING 787-8', 'LA2330', '187.00'),
(498, 1, 498, 247, 'BOEING 787-8', 'LA2334', '163.00'),
(499, 1, 499, 247, 'BOEING 787-8', 'LA2331', '137.00'),
(500, 1, 500, 247, 'BOEING 787-8', 'LA2335', '188.00'),
(501, 1, 501, 313, 'BOEING 787-9', 'LA2127', '86.00'),
(502, 1, 502, 313, 'BOEING 787-9', 'LA2117', '162.00'),
(503, 1, 503, 313, 'BOEING 787-9', 'LA2125', '117.00'),
(504, 1, 504, 313, 'BOEING 787-9', 'LA2105', '89.00'),
(505, 1, 505, 313, 'BOEING 787-9', 'LA2143', '165.00'),
(506, 1, 506, 313, 'BOEING 787-9', 'LA2141', '196.00'),
(507, 1, 507, 313, 'BOEING 787-9', 'LA2151', '144.00'),
(508, 1, 508, 313, 'BOEING 787-9', 'LA2109', '104.00'),
(509, 1, 509, 313, 'BOEING 787-9', 'LA2103', '97.00'),
(510, 1, 510, 313, 'BOEING 787-9', 'LA2005', '151.00'),
(511, 1, 511, 313, 'BOEING 787-9', 'LA2126', '131.00'),
(512, 1, 512, 313, 'BOEING 787-9', 'LA2116', '127.00'),
(513, 1, 513, 313, 'BOEING 787-9', 'LA2124', '90.00'),
(514, 1, 514, 313, 'BOEING 787-9', 'LA2142', '117.00'),
(515, 1, 515, 313, 'BOEING 787-9', 'LA2140', '79.00'),
(516, 1, 516, 313, 'BOEING 787-9', 'LA2150', '179.00'),
(517, 1, 517, 313, 'BOEING 787-9', 'LA2102', '198.00'),
(518, 1, 518, 313, 'BOEING 787-9', 'LA2094', '91.00'),
(519, 1, 519, 313, 'BOEING 787-9', 'LA2004', '88.00'),
(520, 1, 520, 313, 'BOEING 787-9', 'LA2061', '91.00'),
(521, 1, 521, 247, 'BOEING 787-8', 'LA2181', '189.00'),
(522, 1, 522, 247, 'BOEING 787-8', 'LA2180', '110.00'),
(523, 1, 523, 247, 'BOEING 787-8', 'LA2182', '161.00'),
(524, 1, 524, 238, 'BOEING 767', 'LA2292', '197.00'),
(525, 1, 525, 238, 'BOEING 767', 'LA2296', '149.00'),
(526, 1, 526, 238, 'BOEING 767', 'LA2294', '218.00'),
(527, 1, 527, 238, 'BOEING 767', 'LA2293', '204.00'),
(528, 1, 528, 238, 'BOEING 767', 'LA2297', '90.00'),
(529, 1, 529, 238, 'BOEING 767', 'LA2295', '140.00'),
(530, 1, 530, 220, 'AIRBUS 321', 'LA2003', '199.00'),
(531, 1, 531, 220, 'AIRBUS 321', 'LA2025', '101.00'),
(532, 1, 532, 220, 'AIRBUS 321', 'LA2005', '213.00'),
(533, 1, 533, 220, 'AIRBUS 321', 'LA2011', '174.00'),
(534, 1, 534, 220, 'AIRBUS 321', 'LA2023', '221.00'),
(535, 1, 535, 220, 'AIRBUS 321', 'LA2123', '203.00'),
(536, 1, 536, 220, 'AIRBUS 321', 'LA2047', '190.00'),
(537, 1, 537, 220, 'AIRBUS 321', 'LA2075', '192.00'),
(538, 1, 538, 220, 'AIRBUS 321', 'LA2027', '134.00'),
(539, 1, 539, 220, 'AIRBUS 321', 'LA2021', '136.00'),
(540, 1, 540, 220, 'AIRBUS 321', 'LA2041', '175.00'),
(541, 1, 541, 220, 'AIRBUS 321', 'LA2031', '129.00'),
(542, 1, 542, 220, 'AIRBUS 321', 'LA2035', '109.00'),
(543, 1, 543, 220, 'AIRBUS 321', 'LA2043', '117.00'),
(544, 1, 544, 220, 'AIRBUS 321', 'LA2063', '143.00'),
(545, 1, 545, 220, 'AIRBUS 321', 'LA2067', '110.00'),
(546, 1, 546, 220, 'AIRBUS 321', 'LA2002', '167.00'),
(547, 1, 547, 220, 'AIRBUS 321', 'LA2010', '116.00'),
(548, 1, 548, 220, 'AIRBUS 321', 'LA2022', '105.00'),
(549, 1, 549, 220, 'AIRBUS 321', 'LA2004', '168.00'),
(550, 1, 550, 220, 'AIRBUS 321', 'LA2061', '145.00'),
(551, 1, 551, 220, 'AIRBUS 321', 'LA2046', '96.00'),
(552, 1, 552, 220, 'AIRBUS 321', 'LA2020', '174.00'),
(553, 1, 553, 174, 'AIRBUS 320', 'LA2272', '206.00'),
(554, 1, 554, 174, 'AIRBUS 320', 'LA2276', '195.00'),
(555, 1, 555, 174, 'AIRBUS 320', 'LA2278', '222.00'),
(556, 1, 556, 174, 'AIRBUS 320', 'LA2273', '135.00'),
(557, 1, 557, 174, 'AIRBUS 320', 'LA2275', '149.00'),
(558, 1, 558, 174, 'AIRBUS 320', 'LA2277', '103.00'),
(559, 1, 559, 174, 'AIRBUS 320', 'LA2374', '179.00'),
(560, 1, 560, 174, 'AIRBUS 320', 'LA2380', '152.00'),
(561, 1, 561, 174, 'AIRBUS 320', 'LA2382', '187.00'),
(562, 1, 562, 174, 'AIRBUS 320', 'LA2376', '94.00'),
(563, 1, 563, 174, 'AIRBUS 320', 'LA2378', '173.00'),
(564, 1, 564, 144, 'AIRBUS 319', 'LA2375', '191.00'),
(565, 1, 565, 144, 'AIRBUS 319', 'LA2381', '87.00'),
(566, 1, 566, 144, 'AIRBUS 319', 'LA2383', '135.00'),
(567, 1, 567, 144, 'AIRBUS 319', 'LA2089', '169.00'),
(568, 1, 568, 144, 'AIRBUS 319', 'LA2097', '185.00'),
(569, 1, 569, 144, 'AIRBUS 319', 'LA2093', '162.00'),
(570, 1, 570, 144, 'AIRBUS 319', 'LA2123', '205.00'),
(571, 1, 571, 144, 'AIRBUS 319', 'LA2023', '83.00'),
(572, 1, 572, 144, 'AIRBUS 319', 'LA2088', '100.00'),
(573, 1, 573, 144, 'AIRBUS 319', 'LA2096', '207.00'),
(574, 1, 574, 144, 'AIRBUS 319', 'LA2092', '97.00'),
(575, 1, 575, 313, 'BOEING 787-9', 'LA2324', '184.00'),
(576, 1, 576, 313, 'BOEING 787-9', 'LA2302', '150.00'),
(577, 1, 577, 313, 'BOEING 787-9', 'LA2312', '117.00'),
(578, 1, 578, 313, 'BOEING 787-9', 'LA2306', '179.00'),
(579, 1, 579, 313, 'BOEING 787-9', 'LA2308', '108.00'),
(580, 1, 580, 313, 'BOEING 787-9', 'LA2310', '197.00'),
(581, 1, 581, 313, 'BOEING 787-9', 'LA2304', '96.00'),
(582, 1, 582, 313, 'BOEING 787-9', 'LA2325', '130.00'),
(583, 1, 583, 313, 'BOEING 787-9', 'LA2303', '178.00'),
(584, 1, 584, 313, 'BOEING 787-9', 'LA2313', '99.00'),
(585, 1, 585, 313, 'BOEING 787-9', 'LA2309', '151.00'),
(586, 1, 586, 313, 'BOEING 787-9', 'LA2311', '87.00'),
(587, 1, 587, 313, 'BOEING 787-9', 'LA2305', '158.00'),
(588, 1, 588, 247, 'BOEING 787-8', 'LA2202', '137.00'),
(589, 1, 589, 247, 'BOEING 787-8', 'LA2208', '214.00'),
(590, 1, 590, 247, 'BOEING 787-8', 'LA2206', '167.00'),
(591, 1, 591, 247, 'BOEING 787-8', 'LA2204', '106.00'),
(592, 1, 592, 247, 'BOEING 787-8', 'LA2210', '181.00'),
(593, 1, 593, 247, 'BOEING 787-8', 'LA2203', '175.00'),
(594, 1, 594, 247, 'BOEING 787-8', 'LA2209', '130.00'),
(595, 1, 595, 247, 'BOEING 787-8', 'LA2207', '162.00'),
(596, 1, 596, 247, 'BOEING 787-8', 'LA2205', '208.00'),
(597, 1, 597, 247, 'BOEING 787-8', 'LA2330', '191.00'),
(598, 1, 598, 247, 'BOEING 787-8', 'LA2334', '96.00'),
(599, 1, 599, 247, 'BOEING 787-8', 'LA2331', '150.00'),
(600, 1, 600, 247, 'BOEING 787-8', 'LA2335', '136.00'),
(601, 1, 601, 313, 'BOEING 787-9', 'LA2127', '218.00'),
(602, 1, 602, 313, 'BOEING 787-9', 'LA2117', '179.00'),
(603, 1, 603, 313, 'BOEING 787-9', 'LA2125', '89.00'),
(604, 1, 604, 313, 'BOEING 787-9', 'LA2105', '159.00'),
(605, 1, 605, 313, 'BOEING 787-9', 'LA2143', '215.00'),
(606, 1, 606, 313, 'BOEING 787-9', 'LA2141', '92.00'),
(607, 1, 607, 313, 'BOEING 787-9', 'LA2151', '188.00'),
(608, 1, 608, 313, 'BOEING 787-9', 'LA2109', '87.00'),
(609, 1, 609, 313, 'BOEING 787-9', 'LA2103', '86.00'),
(610, 1, 610, 313, 'BOEING 787-9', 'LA2005', '128.00'),
(611, 1, 611, 313, 'BOEING 787-9', 'LA2126', '145.00'),
(612, 1, 612, 313, 'BOEING 787-9', 'LA2116', '195.00'),
(613, 1, 613, 313, 'BOEING 787-9', 'LA2124', '191.00'),
(614, 1, 614, 313, 'BOEING 787-9', 'LA2142', '150.00'),
(615, 1, 615, 313, 'BOEING 787-9', 'LA2140', '195.00'),
(616, 1, 616, 313, 'BOEING 787-9', 'LA2150', '141.00'),
(617, 1, 617, 313, 'BOEING 787-9', 'LA2102', '196.00'),
(618, 1, 618, 313, 'BOEING 787-9', 'LA2094', '80.00'),
(619, 1, 619, 313, 'BOEING 787-9', 'LA2004', '165.00'),
(620, 1, 620, 313, 'BOEING 787-9', 'LA2061', '178.00'),
(621, 1, 621, 247, 'BOEING 787-8', 'LA2181', '157.00'),
(622, 1, 622, 247, 'BOEING 787-8', 'LA2180', '224.00'),
(623, 1, 623, 247, 'BOEING 787-8', 'LA2182', '95.00'),
(624, 1, 624, 238, 'BOEING 767', 'LA2292', '168.00'),
(625, 1, 625, 238, 'BOEING 767', 'LA2296', '118.00'),
(626, 1, 626, 238, 'BOEING 767', 'LA2294', '114.00'),
(627, 1, 627, 238, 'BOEING 767', 'LA2293', '163.00'),
(628, 1, 628, 238, 'BOEING 767', 'LA2297', '147.00'),
(629, 1, 629, 238, 'BOEING 767', 'LA2295', '196.00'),
(630, 1, 630, 220, 'AIRBUS 321', 'LA2003', '141.00'),
(631, 1, 631, 220, 'AIRBUS 321', 'LA2025', '199.00'),
(632, 1, 632, 220, 'AIRBUS 321', 'LA2005', '175.00'),
(633, 1, 633, 220, 'AIRBUS 321', 'LA2011', '90.00'),
(634, 1, 634, 220, 'AIRBUS 321', 'LA2023', '148.00'),
(635, 1, 635, 220, 'AIRBUS 321', 'LA2123', '170.00'),
(636, 1, 636, 220, 'AIRBUS 321', 'LA2047', '189.00'),
(637, 1, 637, 220, 'AIRBUS 321', 'LA2075', '167.00'),
(638, 1, 638, 220, 'AIRBUS 321', 'LA2027', '203.00'),
(639, 1, 639, 220, 'AIRBUS 321', 'LA2021', '142.00'),
(640, 1, 640, 220, 'AIRBUS 321', 'LA2041', '79.00'),
(641, 1, 641, 220, 'AIRBUS 321', 'LA2031', '194.00'),
(642, 1, 642, 220, 'AIRBUS 321', 'LA2035', '222.00'),
(643, 1, 643, 220, 'AIRBUS 321', 'LA2043', '153.00'),
(644, 1, 644, 220, 'AIRBUS 321', 'LA2063', '141.00'),
(645, 1, 645, 220, 'AIRBUS 321', 'LA2067', '104.00'),
(646, 1, 646, 220, 'AIRBUS 321', 'LA2002', '109.00'),
(647, 1, 647, 220, 'AIRBUS 321', 'LA2010', '197.00'),
(648, 1, 648, 220, 'AIRBUS 321', 'LA2022', '155.00'),
(649, 1, 649, 220, 'AIRBUS 321', 'LA2004', '185.00'),
(650, 1, 650, 220, 'AIRBUS 321', 'LA2061', '159.00'),
(651, 1, 651, 220, 'AIRBUS 321', 'LA2046', '139.00'),
(652, 1, 652, 220, 'AIRBUS 321', 'LA2020', '108.00'),
(653, 1, 653, 174, 'AIRBUS 320', 'LA2272', '208.00'),
(654, 1, 654, 174, 'AIRBUS 320', 'LA2276', '214.00'),
(655, 1, 655, 174, 'AIRBUS 320', 'LA2278', '133.00'),
(656, 1, 656, 174, 'AIRBUS 320', 'LA2273', '223.00'),
(657, 1, 657, 174, 'AIRBUS 320', 'LA2275', '98.00'),
(658, 1, 658, 174, 'AIRBUS 320', 'LA2277', '93.00'),
(659, 1, 659, 174, 'AIRBUS 320', 'LA2374', '151.00'),
(660, 1, 660, 174, 'AIRBUS 320', 'LA2380', '194.00'),
(661, 1, 661, 174, 'AIRBUS 320', 'LA2382', '186.00'),
(662, 1, 662, 174, 'AIRBUS 320', 'LA2376', '218.00'),
(663, 1, 663, 174, 'AIRBUS 320', 'LA2378', '120.00'),
(664, 1, 664, 144, 'AIRBUS 319', 'LA2375', '200.00'),
(665, 1, 665, 144, 'AIRBUS 319', 'LA2381', '191.00'),
(666, 1, 666, 144, 'AIRBUS 319', 'LA2383', '125.00'),
(667, 1, 667, 144, 'AIRBUS 319', 'LA2089', '129.00'),
(668, 1, 668, 144, 'AIRBUS 319', 'LA2097', '190.00'),
(669, 1, 669, 144, 'AIRBUS 319', 'LA2093', '110.00'),
(670, 1, 670, 144, 'AIRBUS 319', 'LA2123', '167.00'),
(671, 1, 671, 144, 'AIRBUS 319', 'LA2023', '178.00'),
(672, 1, 672, 144, 'AIRBUS 319', 'LA2088', '182.00'),
(673, 1, 673, 144, 'AIRBUS 319', 'LA2096', '130.00'),
(674, 1, 674, 144, 'AIRBUS 319', 'LA2092', '147.00'),
(675, 1, 675, 313, 'BOEING 787-9', 'LA2324', '219.00'),
(676, 1, 676, 313, 'BOEING 787-9', 'LA2302', '160.00'),
(677, 1, 677, 313, 'BOEING 787-9', 'LA2312', '147.00'),
(678, 1, 678, 313, 'BOEING 787-9', 'LA2306', '106.00'),
(679, 1, 679, 313, 'BOEING 787-9', 'LA2308', '113.00'),
(680, 1, 680, 313, 'BOEING 787-9', 'LA2310', '222.00'),
(681, 1, 681, 313, 'BOEING 787-9', 'LA2304', '195.00'),
(682, 1, 682, 313, 'BOEING 787-9', 'LA2325', '203.00'),
(683, 1, 683, 313, 'BOEING 787-9', 'LA2303', '211.00'),
(684, 1, 684, 313, 'BOEING 787-9', 'LA2313', '132.00'),
(685, 1, 685, 313, 'BOEING 787-9', 'LA2309', '172.00'),
(686, 1, 686, 313, 'BOEING 787-9', 'LA2311', '147.00'),
(687, 1, 687, 313, 'BOEING 787-9', 'LA2305', '136.00'),
(688, 1, 688, 247, 'BOEING 787-8', 'LA2202', '204.00'),
(689, 1, 689, 247, 'BOEING 787-8', 'LA2208', '110.00'),
(690, 1, 690, 247, 'BOEING 787-8', 'LA2206', '79.00'),
(691, 1, 691, 247, 'BOEING 787-8', 'LA2204', '123.00'),
(692, 1, 692, 247, 'BOEING 787-8', 'LA2210', '175.00'),
(693, 1, 693, 247, 'BOEING 787-8', 'LA2203', '103.00'),
(694, 1, 694, 247, 'BOEING 787-8', 'LA2209', '86.00'),
(695, 1, 695, 247, 'BOEING 787-8', 'LA2207', '180.00'),
(696, 1, 696, 247, 'BOEING 787-8', 'LA2205', '96.00'),
(697, 1, 697, 247, 'BOEING 787-8', 'LA2330', '210.00'),
(698, 1, 698, 247, 'BOEING 787-8', 'LA2334', '108.00'),
(699, 1, 699, 247, 'BOEING 787-8', 'LA2331', '123.00'),
(700, 1, 700, 247, 'BOEING 787-8', 'LA2335', '209.00'),
(701, 1, 701, 313, 'BOEING 787-9', 'LA2127', '88.00'),
(702, 1, 702, 313, 'BOEING 787-9', 'LA2117', '121.00'),
(703, 1, 703, 313, 'BOEING 787-9', 'LA2125', '177.00'),
(704, 1, 704, 313, 'BOEING 787-9', 'LA2105', '101.00'),
(705, 1, 705, 313, 'BOEING 787-9', 'LA2143', '218.00'),
(706, 1, 706, 313, 'BOEING 787-9', 'LA2141', '157.00'),
(707, 1, 707, 313, 'BOEING 787-9', 'LA2151', '97.00'),
(708, 1, 708, 313, 'BOEING 787-9', 'LA2109', '104.00'),
(709, 1, 709, 313, 'BOEING 787-9', 'LA2103', '166.00'),
(710, 1, 710, 313, 'BOEING 787-9', 'LA2005', '82.00'),
(711, 1, 711, 313, 'BOEING 787-9', 'LA2126', '179.00'),
(712, 1, 712, 313, 'BOEING 787-9', 'LA2116', '143.00'),
(713, 1, 713, 313, 'BOEING 787-9', 'LA2124', '213.00'),
(714, 1, 714, 313, 'BOEING 787-9', 'LA2142', '103.00'),
(715, 1, 715, 313, 'BOEING 787-9', 'LA2140', '149.00'),
(716, 1, 716, 313, 'BOEING 787-9', 'LA2150', '83.00'),
(717, 1, 717, 313, 'BOEING 787-9', 'LA2102', '100.00'),
(718, 1, 718, 313, 'BOEING 787-9', 'LA2094', '122.00'),
(719, 1, 719, 313, 'BOEING 787-9', 'LA2004', '155.00'),
(720, 1, 720, 313, 'BOEING 787-9', 'LA2061', '219.00'),
(721, 1, 721, 247, 'BOEING 787-8', 'LA2181', '79.00'),
(722, 1, 722, 247, 'BOEING 787-8', 'LA2180', '122.00'),
(723, 1, 723, 247, 'BOEING 787-8', 'LA2182', '89.00'),
(724, 1, 724, 238, 'BOEING 767', 'LA2292', '106.00'),
(725, 1, 725, 238, 'BOEING 767', 'LA2296', '193.00'),
(726, 1, 726, 238, 'BOEING 767', 'LA2294', '203.00'),
(727, 1, 727, 238, 'BOEING 767', 'LA2293', '196.00'),
(728, 1, 728, 238, 'BOEING 767', 'LA2297', '214.00'),
(729, 1, 729, 238, 'BOEING 767', 'LA2295', '194.00'),
(730, 1, 730, 220, 'AIRBUS 321', 'LA2003', '200.00'),
(731, 1, 731, 220, 'AIRBUS 321', 'LA2025', '218.00'),
(732, 1, 732, 220, 'AIRBUS 321', 'LA2005', '111.00'),
(733, 1, 733, 220, 'AIRBUS 321', 'LA2011', '138.00'),
(734, 1, 734, 220, 'AIRBUS 321', 'LA2023', '193.00'),
(735, 1, 735, 220, 'AIRBUS 321', 'LA2123', '210.00'),
(736, 1, 736, 220, 'AIRBUS 321', 'LA2047', '143.00'),
(737, 1, 737, 220, 'AIRBUS 321', 'LA2075', '148.00'),
(738, 1, 738, 220, 'AIRBUS 321', 'LA2027', '219.00'),
(739, 1, 739, 220, 'AIRBUS 321', 'LA2021', '140.00'),
(740, 1, 740, 220, 'AIRBUS 321', 'LA2041', '84.00'),
(741, 1, 741, 220, 'AIRBUS 321', 'LA2031', '206.00'),
(742, 1, 742, 220, 'AIRBUS 321', 'LA2035', '138.00'),
(743, 1, 743, 220, 'AIRBUS 321', 'LA2043', '146.00'),
(744, 1, 744, 220, 'AIRBUS 321', 'LA2063', '81.00'),
(745, 1, 745, 220, 'AIRBUS 321', 'LA2067', '125.00'),
(746, 1, 746, 220, 'AIRBUS 321', 'LA2002', '132.00'),
(747, 1, 747, 220, 'AIRBUS 321', 'LA2010', '84.00'),
(748, 1, 748, 220, 'AIRBUS 321', 'LA2022', '219.00'),
(749, 1, 749, 220, 'AIRBUS 321', 'LA2004', '149.00'),
(750, 1, 750, 220, 'AIRBUS 321', 'LA2061', '183.00'),
(751, 1, 751, 220, 'AIRBUS 321', 'LA2046', '219.00'),
(752, 1, 752, 220, 'AIRBUS 321', 'LA2020', '157.00'),
(753, 1, 753, 174, 'AIRBUS 320', 'LA2272', '82.00'),
(754, 1, 754, 174, 'AIRBUS 320', 'LA2276', '194.00'),
(755, 1, 755, 174, 'AIRBUS 320', 'LA2278', '145.00'),
(756, 1, 756, 174, 'AIRBUS 320', 'LA2273', '150.00'),
(757, 1, 757, 174, 'AIRBUS 320', 'LA2275', '217.00'),
(758, 1, 758, 174, 'AIRBUS 320', 'LA2277', '152.00'),
(759, 1, 759, 174, 'AIRBUS 320', 'LA2374', '190.00'),
(760, 1, 760, 174, 'AIRBUS 320', 'LA2380', '146.00'),
(761, 1, 761, 174, 'AIRBUS 320', 'LA2382', '186.00'),
(762, 1, 762, 174, 'AIRBUS 320', 'LA2376', '179.00'),
(763, 1, 763, 174, 'AIRBUS 320', 'LA2378', '127.00'),
(764, 1, 764, 144, 'AIRBUS 319', 'LA2375', '121.00'),
(765, 1, 765, 144, 'AIRBUS 319', 'LA2381', '104.00'),
(766, 1, 766, 144, 'AIRBUS 319', 'LA2383', '174.00'),
(767, 1, 767, 144, 'AIRBUS 319', 'LA2089', '182.00'),
(768, 1, 768, 144, 'AIRBUS 319', 'LA2097', '133.00'),
(769, 1, 769, 144, 'AIRBUS 319', 'LA2093', '152.00'),
(770, 1, 770, 144, 'AIRBUS 319', 'LA2123', '210.00'),
(771, 1, 771, 144, 'AIRBUS 319', 'LA2023', '163.00'),
(772, 1, 772, 144, 'AIRBUS 319', 'LA2088', '181.00'),
(773, 1, 773, 144, 'AIRBUS 319', 'LA2096', '218.00'),
(774, 1, 774, 144, 'AIRBUS 319', 'LA2092', '95.00'),
(775, 1, 775, 313, 'BOEING 787-9', 'LA2324', '141.00'),
(776, 1, 776, 313, 'BOEING 787-9', 'LA2302', '157.00'),
(777, 1, 777, 313, 'BOEING 787-9', 'LA2312', '84.00'),
(778, 1, 778, 313, 'BOEING 787-9', 'LA2306', '201.00'),
(779, 1, 779, 313, 'BOEING 787-9', 'LA2308', '140.00'),
(780, 1, 780, 313, 'BOEING 787-9', 'LA2310', '124.00'),
(781, 1, 781, 313, 'BOEING 787-9', 'LA2304', '159.00'),
(782, 1, 782, 313, 'BOEING 787-9', 'LA2325', '206.00'),
(783, 1, 783, 313, 'BOEING 787-9', 'LA2303', '204.00'),
(784, 1, 784, 313, 'BOEING 787-9', 'LA2313', '88.00'),
(785, 1, 785, 313, 'BOEING 787-9', 'LA2309', '126.00'),
(786, 1, 786, 313, 'BOEING 787-9', 'LA2311', '111.00'),
(787, 1, 787, 313, 'BOEING 787-9', 'LA2305', '200.00'),
(788, 1, 788, 247, 'BOEING 787-8', 'LA2202', '119.00'),
(789, 1, 789, 247, 'BOEING 787-8', 'LA2208', '154.00'),
(790, 1, 790, 247, 'BOEING 787-8', 'LA2206', '125.00'),
(791, 1, 791, 247, 'BOEING 787-8', 'LA2204', '148.00'),
(792, 1, 792, 247, 'BOEING 787-8', 'LA2210', '150.00'),
(793, 1, 793, 247, 'BOEING 787-8', 'LA2203', '141.00'),
(794, 1, 794, 247, 'BOEING 787-8', 'LA2209', '196.00'),
(795, 1, 795, 247, 'BOEING 787-8', 'LA2207', '87.00'),
(796, 1, 796, 247, 'BOEING 787-8', 'LA2205', '206.00'),
(797, 1, 797, 247, 'BOEING 787-8', 'LA2330', '184.00'),
(798, 1, 798, 247, 'BOEING 787-8', 'LA2334', '157.00'),
(799, 1, 799, 247, 'BOEING 787-8', 'LA2331', '125.00'),
(800, 1, 800, 247, 'BOEING 787-8', 'LA2335', '210.00'),
(801, 1, 801, 313, 'BOEING 787-9', 'LA2127', '219.00'),
(802, 1, 802, 313, 'BOEING 787-9', 'LA2117', '212.00'),
(803, 1, 803, 313, 'BOEING 787-9', 'LA2125', '186.00'),
(804, 1, 804, 313, 'BOEING 787-9', 'LA2105', '157.00'),
(805, 1, 805, 313, 'BOEING 787-9', 'LA2143', '147.00'),
(806, 1, 806, 313, 'BOEING 787-9', 'LA2141', '93.00'),
(807, 1, 807, 313, 'BOEING 787-9', 'LA2151', '216.00'),
(808, 1, 808, 313, 'BOEING 787-9', 'LA2109', '115.00'),
(809, 1, 809, 313, 'BOEING 787-9', 'LA2103', '118.00'),
(810, 1, 810, 313, 'BOEING 787-9', 'LA2005', '110.00'),
(811, 1, 811, 313, 'BOEING 787-9', 'LA2126', '141.00'),
(812, 1, 812, 313, 'BOEING 787-9', 'LA2116', '104.00'),
(813, 1, 813, 313, 'BOEING 787-9', 'LA2124', '85.00'),
(814, 1, 814, 313, 'BOEING 787-9', 'LA2142', '192.00'),
(815, 1, 815, 313, 'BOEING 787-9', 'LA2140', '104.00'),
(816, 1, 816, 313, 'BOEING 787-9', 'LA2150', '81.00'),
(817, 1, 817, 313, 'BOEING 787-9', 'LA2102', '212.00'),
(818, 1, 818, 313, 'BOEING 787-9', 'LA2094', '188.00'),
(819, 1, 819, 313, 'BOEING 787-9', 'LA2004', '160.00'),
(820, 1, 820, 313, 'BOEING 787-9', 'LA2061', '214.00'),
(821, 1, 821, 247, 'BOEING 787-8', 'LA2181', '188.00'),
(822, 1, 822, 247, 'BOEING 787-8', 'LA2180', '88.00'),
(823, 1, 823, 247, 'BOEING 787-8', 'LA2182', '210.00'),
(824, 1, 824, 238, 'BOEING 767', 'LA2292', '195.00'),
(825, 1, 825, 238, 'BOEING 767', 'LA2296', '168.00'),
(826, 1, 826, 238, 'BOEING 767', 'LA2294', '200.00'),
(827, 1, 827, 238, 'BOEING 767', 'LA2293', '197.00'),
(828, 1, 828, 238, 'BOEING 767', 'LA2297', '220.00'),
(829, 1, 829, 238, 'BOEING 767', 'LA2295', '152.00'),
(830, 1, 830, 220, 'AIRBUS 321', 'LA2003', '85.00'),
(831, 1, 831, 220, 'AIRBUS 321', 'LA2025', '219.00'),
(832, 1, 832, 220, 'AIRBUS 321', 'LA2005', '127.00'),
(833, 1, 833, 220, 'AIRBUS 321', 'LA2011', '101.00'),
(834, 1, 834, 220, 'AIRBUS 321', 'LA2023', '119.00'),
(835, 1, 835, 220, 'AIRBUS 321', 'LA2123', '176.00'),
(836, 1, 836, 220, 'AIRBUS 321', 'LA2047', '193.00'),
(837, 1, 837, 220, 'AIRBUS 321', 'LA2075', '100.00'),
(838, 1, 838, 220, 'AIRBUS 321', 'LA2027', '83.00'),
(839, 1, 839, 220, 'AIRBUS 321', 'LA2021', '214.00'),
(840, 1, 840, 220, 'AIRBUS 321', 'LA2041', '221.00'),
(841, 1, 841, 220, 'AIRBUS 321', 'LA2031', '218.00'),
(842, 1, 842, 220, 'AIRBUS 321', 'LA2035', '152.00'),
(843, 1, 843, 220, 'AIRBUS 321', 'LA2043', '124.00'),
(844, 1, 844, 220, 'AIRBUS 321', 'LA2063', '169.00'),
(845, 1, 845, 220, 'AIRBUS 321', 'LA2067', '187.00'),
(846, 1, 846, 220, 'AIRBUS 321', 'LA2002', '175.00'),
(847, 1, 847, 220, 'AIRBUS 321', 'LA2010', '102.00'),
(848, 1, 848, 220, 'AIRBUS 321', 'LA2022', '205.00'),
(849, 1, 849, 220, 'AIRBUS 321', 'LA2004', '222.00'),
(850, 1, 850, 220, 'AIRBUS 321', 'LA2061', '149.00'),
(851, 1, 851, 220, 'AIRBUS 321', 'LA2046', '93.00'),
(852, 1, 852, 220, 'AIRBUS 321', 'LA2020', '100.00'),
(853, 1, 853, 174, 'AIRBUS 320', 'LA2272', '222.00'),
(854, 1, 854, 174, 'AIRBUS 320', 'LA2276', '202.00'),
(855, 1, 855, 174, 'AIRBUS 320', 'LA2278', '220.00'),
(856, 1, 856, 174, 'AIRBUS 320', 'LA2273', '214.00'),
(857, 1, 857, 174, 'AIRBUS 320', 'LA2275', '147.00'),
(858, 1, 858, 174, 'AIRBUS 320', 'LA2277', '189.00'),
(859, 1, 859, 174, 'AIRBUS 320', 'LA2374', '105.00'),
(860, 1, 860, 174, 'AIRBUS 320', 'LA2380', '175.00'),
(861, 1, 861, 174, 'AIRBUS 320', 'LA2382', '140.00'),
(862, 1, 862, 174, 'AIRBUS 320', 'LA2376', '212.00'),
(863, 1, 863, 174, 'AIRBUS 320', 'LA2378', '169.00'),
(864, 1, 864, 144, 'AIRBUS 319', 'LA2375', '162.00'),
(865, 1, 865, 144, 'AIRBUS 319', 'LA2381', '110.00'),
(866, 1, 866, 144, 'AIRBUS 319', 'LA2383', '178.00'),
(867, 1, 867, 144, 'AIRBUS 319', 'LA2089', '83.00'),
(868, 1, 868, 144, 'AIRBUS 319', 'LA2097', '176.00'),
(869, 1, 869, 144, 'AIRBUS 319', 'LA2093', '96.00'),
(870, 1, 870, 144, 'AIRBUS 319', 'LA2123', '196.00'),
(871, 1, 871, 144, 'AIRBUS 319', 'LA2023', '114.00'),
(872, 1, 872, 144, 'AIRBUS 319', 'LA2088', '203.00'),
(873, 1, 873, 144, 'AIRBUS 319', 'LA2096', '83.00'),
(874, 1, 874, 144, 'AIRBUS 319', 'LA2092', '89.00'),
(875, 1, 875, 313, 'BOEING 787-9', 'LA2324', '199.00'),
(876, 1, 876, 313, 'BOEING 787-9', 'LA2302', '215.00'),
(877, 1, 877, 313, 'BOEING 787-9', 'LA2312', '103.00'),
(878, 1, 878, 313, 'BOEING 787-9', 'LA2306', '160.00'),
(879, 1, 879, 313, 'BOEING 787-9', 'LA2308', '81.00'),
(880, 1, 880, 313, 'BOEING 787-9', 'LA2310', '156.00'),
(881, 1, 881, 313, 'BOEING 787-9', 'LA2304', '197.00'),
(882, 1, 882, 313, 'BOEING 787-9', 'LA2325', '121.00'),
(883, 1, 883, 313, 'BOEING 787-9', 'LA2303', '89.00'),
(884, 1, 884, 313, 'BOEING 787-9', 'LA2313', '115.00'),
(885, 1, 885, 313, 'BOEING 787-9', 'LA2309', '208.00'),
(886, 1, 886, 313, 'BOEING 787-9', 'LA2311', '159.00'),
(887, 1, 887, 313, 'BOEING 787-9', 'LA2305', '182.00'),
(888, 1, 888, 247, 'BOEING 787-8', 'LA2202', '155.00'),
(889, 1, 889, 247, 'BOEING 787-8', 'LA2208', '80.00'),
(890, 1, 890, 247, 'BOEING 787-8', 'LA2206', '196.00'),
(891, 1, 891, 247, 'BOEING 787-8', 'LA2204', '107.00'),
(892, 1, 892, 247, 'BOEING 787-8', 'LA2210', '130.00'),
(893, 1, 893, 247, 'BOEING 787-8', 'LA2203', '179.00'),
(894, 1, 894, 247, 'BOEING 787-8', 'LA2209', '149.00'),
(895, 1, 895, 247, 'BOEING 787-8', 'LA2207', '149.00'),
(896, 1, 896, 247, 'BOEING 787-8', 'LA2205', '116.00'),
(897, 1, 897, 247, 'BOEING 787-8', 'LA2330', '87.00'),
(898, 1, 898, 247, 'BOEING 787-8', 'LA2334', '224.00'),
(899, 1, 899, 247, 'BOEING 787-8', 'LA2331', '159.00'),
(900, 1, 900, 247, 'BOEING 787-8', 'LA2335', '126.00');

--
-- Restricciones para tablas volcadas
--

--
-- Filtros para la tabla `auth_group_permissions`
--
ALTER TABLE `auth_group_permissions`
  ADD CONSTRAINT `auth_group_permissi_permission_id_84c5c92e_fk_auth_permission_id` FOREIGN KEY (`permission_id`) REFERENCES `auth_permission` (`id`),
  ADD CONSTRAINT `auth_group_permissions_group_id_b120cbf9_fk_auth_group_id` FOREIGN KEY (`group_id`) REFERENCES `auth_group` (`id`);

--
-- Filtros para la tabla `auth_permission`
--
ALTER TABLE `auth_permission`
  ADD CONSTRAINT `auth_permissi_content_type_id_2f476e4b_fk_django_content_type_id` FOREIGN KEY (`content_type_id`) REFERENCES `django_content_type` (`id`);

--
-- Filtros para la tabla `auth_user_groups`
--
ALTER TABLE `auth_user_groups`
  ADD CONSTRAINT `auth_user_groups_group_id_97559544_fk_auth_group_id` FOREIGN KEY (`group_id`) REFERENCES `auth_group` (`id`),
  ADD CONSTRAINT `auth_user_groups_user_id_6a12ed8b_fk_auth_user_id` FOREIGN KEY (`user_id`) REFERENCES `auth_user` (`id`);

--
-- Filtros para la tabla `auth_user_user_permissions`
--
ALTER TABLE `auth_user_user_permissions`
  ADD CONSTRAINT `auth_user_user_perm_permission_id_1fbb5f2c_fk_auth_permission_id` FOREIGN KEY (`permission_id`) REFERENCES `auth_permission` (`id`),
  ADD CONSTRAINT `auth_user_user_permissions_user_id_a95ead1b_fk_auth_user_id` FOREIGN KEY (`user_id`) REFERENCES `auth_user` (`id`);

--
-- Filtros para la tabla `django_admin_log`
--
ALTER TABLE `django_admin_log`
  ADD CONSTRAINT `django_admin_log_user_id_c564eba6_fk_auth_user_id` FOREIGN KEY (`user_id`) REFERENCES `auth_user` (`id`),
  ADD CONSTRAINT `django_admin__content_type_id_c4bce8eb_fk_django_content_type_id` FOREIGN KEY (`content_type_id`) REFERENCES `django_content_type` (`id`);

--
-- Filtros para la tabla `tb_itinerario`
--
ALTER TABLE `tb_itinerario`
  ADD CONSTRAINT `fk_itinerario_destino` FOREIGN KEY (`id_destino`) REFERENCES `tb_destino` (`id_destino`) ON DELETE NO ACTION ON UPDATE NO ACTION,
  ADD CONSTRAINT `fk_itinerario_origen` FOREIGN KEY (`id_origen`) REFERENCES `tb_origen` (`id_origen`) ON DELETE NO ACTION ON UPDATE NO ACTION;

--
-- Filtros para la tabla `tb_pasaje`
--
ALTER TABLE `tb_pasaje`
  ADD CONSTRAINT `fk_pasaje_cliente` FOREIGN KEY (`id_cliente`) REFERENCES `tb_cliente` (`id_cliente`) ON DELETE NO ACTION ON UPDATE NO ACTION,
  ADD CONSTRAINT `fk_pasaje_vuelo` FOREIGN KEY (`id_vuelo`) REFERENCES `tb_vuelo` (`id_vuelo`) ON DELETE NO ACTION ON UPDATE NO ACTION,
  ADD CONSTRAINT `fk_pasaje_pais` FOREIGN KEY (`id_pais`) REFERENCES `tb_pais` (`id_ciudad`) ON DELETE NO ACTION ON UPDATE NO ACTION;

--
-- Filtros para la tabla `tb_vuelo`
--
ALTER TABLE `tb_vuelo`
  ADD CONSTRAINT `fk_vuelo_compañia` FOREIGN KEY (`id_compañia`) REFERENCES `tb_compania` (`id_compañia`) ON DELETE NO ACTION ON UPDATE NO ACTION,
  ADD CONSTRAINT `fk_vuelo_itinerario` FOREIGN KEY (`id_itinerario`) REFERENCES `tb_itinerario` (`id_itinerario`) ON DELETE NO ACTION ON UPDATE NO ACTION;

/*!40101 SET CHARACTER_SET_CLIENT=@OLD_CHARACTER_SET_CLIENT */;
/*!40101 SET CHARACTER_SET_RESULTS=@OLD_CHARACTER_SET_RESULTS */;
/*!40101 SET COLLATION_CONNECTION=@OLD_COLLATION_CONNECTION */;
